"","Ind","pop","J42.1","J42.2","WF22.1","WF22.2","PAM27.1","PAM27.2","PAM79.1","PAM79.2","WF16.1","WF16.2","WF33.1","WF33.2","WF3.1","WF3.2","WF517.1","WF517.2","WF196.1","WF196.2","WF223.1","WF223.2","WF421.1","WF421.2","A441.1","A441.2","PAM21.1","PAM21.2","PSY087.1","PSY087.2","PSY022.1","PSY022.2","WF12.1","WF12.2"
"7","7","Nap","131","133","179","215","160","210","164","170","236","238","340","352","168","168","261","267","243","251","255","267","276","288","182","184","-9","-9","155","161","227","235","260","260"
"9","9","Nap","119","117","191","255","174","178","176","182","238","226","272","328","168","168","-9","-9","-9","-9","281","277","236","268","186","196","211","221","155","161","235","243","260","256"
"10","10","Nap","117","121","183","247","160","176","178","216","238","258","276","296","-9","-9","261","287","171","191","263","263","236","292","182","186","215","219","155","161","243","243","260","260"
"11","11","Nap","117","117","175","211","160","174","176","186","236","262","252","268","168","176","247","263","171","207","275","279","288","300","182","226","-9","-9","155","161","243","243","256","264"
"12","12","Nap","109","111","259","191","176","184","170","190","238","254","316","320","170","174","291","257","159","195","273","289","288","320","-9","-9","215","215","155","161","235","267","260","260"
"13","13","Nap","121","127","231","231","174","182","168","206","236","238","276","348","170","170","283","295","183","195","245","247","300","252","184","196","-9","-9","161","163","235","243","256","256"
"14","14","Nap","117","125","247","195","178","212","188","210","258","244","316","312","168","178","279","307","215","159","275","233","-9","-9","-9","-9","-9","-9","161","163","-9","-9","260","264"
"15","15","Nap","117","121","211","219","160","160","182","210","236","236","348","288","170","162","263","283","183","255","281","265","268","292","-9","-9","-9","-9","161","161","243","243","260","264"
"16","16","Nap","131","117","187","243","178","178","178","184","236","236","272","320","166","174","287","277","167","187","275","285","276","296","-9","-9","-9","-9","161","156","243","335","260","260"
"17","17","Nap","117","125","223","235","176","180","206","184","238","240","340","296","168","156","279","219","191","187","-9","-9","288","272","-9","-9","-9","-9","163","163","243","243","260","260"
"18","18","Nap","117","115","195","243","174","174","182","168","258","240","252","348","168","178","279","307","215","159","275","233","276","288","-9","-9","-9","-9","161","163","243","231","256","256"
"19","19","Nap","119","125","239","235","160","180","178","188","238","260","-9","-9","-9","-9","247","219","187","187","267","275","292","280","-9","-9","-9","-9","155","161","243","243","256","256"
"20","20","Nap","131","117","215","235","176","188","166","198","236","240","324","324","168","176","255","303","183","215","253","257","284","336","180","188","223","225","155","161","243","243","-9","-9"
"21","21","Nap","111","123","179","227","178","176","186","188","236","238","352","316","168","174","263","275","183","195","267","261","296","284","182","180","219","219","161","161","235","243","260","264"
"22","22","Nap","117","121","259","207","166","174","142","220","238","234","272","316","168","156","279","243","167","167","281","261","-9","-9","184","180","219","219","161","163","235","243","260","260"
"23","23","Nap","117","127","179","239","-9","-9","158","214","238","260","320","320","168","170","291","287","251","195","261","271","296","280","-9","-9","211","217","161","161","235","243","260","256"
"25","25","Nap","117","109","235","227","166","182","158","194","234","230","328","312","168","172","275","243","167","187","277","289","280","308","-9","-9","215","215","161","156","235","235","-9","-9"
"26","26","Nap","131","117","187","267","180","180","182","180","236","238","272","320","170","162","267","251","187","155","237","269","292","304","-9","-9","215","217","161","156","235","243","256","264"
"27","27","Nap","133","121","247","227","174","174","176","186","260","286","280","280","168","176","287","247","195","195","279","271","268","284","190","198","-9","-9","161","156","235","243","260","264"
"28","28","Nap","119","115","183","251","174","180","156","208","238","250","324","344","-9","-9","283","243","195","167","257","269","292","316","184","188","215","219","161","156","-9","-9","260","256"
"30","30","Nap","127","143","179","223","160","160","-9","-9","238","260","-9","-9","168","172","261","247","191","179","-9","-9","292","280","180","188","-9","-9","155","161","235","243","260","264"
"31","31","Nap","119","117","207","291","160","180","156","204","238","240","316","304","-9","-9","247","283","191","187","255","271","276","232","184","186","217","217","155","161","235","243","256","264"
"32","32","Nap","117","117","259","223","-9","-9","182","188","240","260","-9","-9","162","158","275","259","203","219","263","241","284","356","-9","-9","221","217","161","161","235","243","-9","-9"
"33","33","Nap","117","137","163","279","178","184","182","192","236","236","316","324","168","168","-9","-9","-9","-9","257","261","288","280","184","188","-9","-9","161","163","243","315","260","256"
"34","34","Nap","117","125","179","163","160","160","194","148","236","236","296","302","174","162","291","283","191","219","285","259","292","300","-9","-9","215","215","161","161","235","243","260","264"
"35","35","Nap","133","135","191","263","174","180","168","154","260","250","248","308","166","176","261","291","215","167","275","275","292","300","-9","-9","215","215","161","156","235","243","260","260"
"36","36","Nap","119","139","231","159","174","178","184","224","238","240","280","360","168","168","291","287","187","163","257","269","268","316","-9","-9","211","211","161","156","235","243","260","264"
"37","37","Nap","109","127","211","231","176","172","178","206","238","228","268","332","168","192","283","271","195","167","261","261","292","300","-9","-9","-9","-9","161","156","235","243","260","264"
"38","38","Nap","133","137","235","227","174","212","178","190","236","250","324","280","168","174","267","255","195","167","281","285","292","296","-9","-9","215","219","161","161","235","243","260","260"
"39","39","Mor","119","121","211","199","174","174","182","188","236","238","352","296","168","156","283","271","191","159","277","251","292","280","180","188","-9","-9","161","156","235","243","260","260"
"40","40","Mor","117","125","183","283","160","174","148","200","236","250","312","308","168","168","275","275","187","187","-9","-9","-9","-9","184","190","-9","-9","161","161","235","235","256","256"
"43","43","Mor","119","117","207","287","-9","-9","182","180","236","236","268","256","168","166","263","271","215","175","275","259","268","292","-9","-9","-9","-9","161","156","235","243","260","260"
"44","44","Mor","117","117","175","243","178","178","182","180","240","230","340","312","168","172","271","215","243","155","289","265","268","280","186","178","-9","-9","161","156","-9","-9","260","260"
"45","45","Mor","117","129","239","223","160","160","184","180","238","234","340","268","168","168","247","247","195","175","255","275","-9","-9","-9","-9","211","211","155","161","235","243","260","264"
"46","46","Mor","131","117","183","199","174","174","168","166","240","264","332","300","174","172","307","281","167","211","245","285","292","300","184","186","217","213","155","161","235","243","260","260"
"47","47","Mor","121","125","187","251","174","162","170","212","238","242","320","344","168","168","-9","-9","183","231","265","269","300","284","-9","-9","217","213","161","161","235","243","260","256"
"48","48","Mor","117","111","303","307","160","180","182","166","238","240","252","320","168","166","283","283","183","167","275","269","280","304","-9","-9","-9","-9","155","161","235","243","260","256"
"49","49","Mor","143","157","259","231","160","182","158","180","238","238","316","380","168","166","275","271","171","187","-9","-9","296","280","-9","-9","-9","-9","161","161","227","243","256","264"
"50","50","Mor","117","117","239","243","160","174","184","202","236","286","328","320","168","172","291","259","187","211","-9","-9","-9","-9","-9","-9","-9","-9","161","156","243","243","260","256"
"51","51","Mor","111","111","175","231","160","176","184","194","236","256","252","320","168","172","295","239","251","167","267","281","296","280","-9","-9","215","219","161","156","235","247","260","260"
"52","52","Mor","133","117","275","263","160","174","158","218","238","250","316","316","168","168","247","247","207","167","259","259","292","300","-9","-9","211","215","161","156","243","243","260","256"
"53","53","Mor","111","115","255","219","174","176","170","190","240","286","316","348","158","164","281","265","207","187","273","265","288","292","188","190","217","213","161","156","243","267","260","260"
"54","54","Mor","117","143","255","227","160","184","188","156","238","250","272","316","168","172","291","247","159","231","255","277","-9","-9","-9","-9","219","217","161","156","235","235","256","264"
"55","55","Mor","115","123","235","251","-9","-9","184","180","236","238","316","336","174","162","263","263","183","167","-9","-9","268","292","-9","-9","211","211","161","161","243","243","260","256"
"56","56","Mor","117","143","239","231","178","200","144","172","236","238","340","364","168","174","251","215","167","187","273","277","292","308","182","188","217","217","161","156","235","243","256","264"
"57","57","Mor","117","117","215","223","174","178","168","168","258","240","312","300","170","158","243","299","167","175","273","259","296","228","182","184","215","219","161","163","235","243","260","260"
"58","58","Mor","117","121","247","227","160","160","182","214","240","286","328","296","168","156","-9","-9","167","175","277","269","288","288","188","188","225","217","161","161","235","243","260","260"
"59","59","Mor","117","143","247","279","174","200","188","180","236","236","380","284","168","168","261","257","183","199","277","269","300","280","-9","-9","-9","-9","161","163","227","319","260","260"
"60","60","Mor","117","109","195","235","174","176","168","154","238","234","324","376","168","168","277","243","187","211","277","265","304","244","182","186","211","217","161","163","235","243","260","264"
"61","61","Mor","133","139","243","287","178","170","198","180","238","252","316","320","166","178","-9","-9","171","159","275","261","296","284","182","188","219","217","161","161","235","243","260","264"
"62","62","Mor","117","125","231","251","174","178","182","166","236","234","344","360","168","158","295","271","215","159","-9","-9","312","280","182","196","215","219","161","161","235","243","260","260"
"63","63","Mor","117","125","195","227","174","178","206","158","236","258","324","332","168","174","279","247","183","167","255","287","296","280","182","184","217","217","161","163","235","267","260","260"
"64","64","Mor","117","121","243","207","160","174","188","166","262","256","340","300","170","156","279","313","167","179","255","275","288","284","196","180","217","217","155","161","243","319","256","256"
"65","65","Mor","117","117","179","187","-9","-9","190","188","258","264","272","320","168","174","261","247","167","187","267","267","288","296","-9","-9","211","219","161","161","235","295","260","256"
"66","66","Mor","119","139","175","243","160","174","186","188","236","250","304","360","168","170","261","243","-9","-9","281","281","292","248","-9","-9","-9","-9","161","163","235","243","-9","-9"
"67","67","Mor","111","139","227","251","178","178","208","192","236","234","272","316","168","172","261","279","167","175","253","269","292","284","-9","-9","211","211","161","163","227","235","264","264"
"68","68","Mor","111","123","187","275","-9","-9","170","182","238","238","340","320","174","172","-9","-9","215","187","289","259","268","284","180","180","-9","-9","161","156","235","267","260","256"
"69","69","Mor","117","125","231","263","160","174","220","202","236","238","272","264","168","170","243","271","171","167","265","269","292","320","182","180","215","217","161","161","235","235","260","264"
"70","70","Jam","117","111","247","231","174","174","166","212","238","260","320","348","174","164","291","281","171","167","255","281","300","304","-9","-9","215","215","161","156","235","243","256","256"
"71","71","Jam","117","117","207","303","160","210","216","154","236","236","316","292","168","162","261","215","167","199","289","245","276","284","182","184","217","213","163","163","227","219","260","256"
"72","72","Jam","117","157","183","203","178","178","170","156","236","236","288","300","168","178","-9","-9","195","167","277","261","300","296","182","186","-9","-9","161","156","235","243","256","264"
"73","73","Jam","117","121","259","223","174","174","190","148","238","240","276","320","176","178","-9","-9","191","187","-9","-9","288","284","180","190","217","213","161","161","235","243","260","256"
"74","74","Jam","111","159","187","267","160","178","178","210","236","240","328","336","176","156","275","265","183","191","269","251","296","296","-9","-9","211","217","155","161","235","267","260","264"
"75","75","Jam","115","139","231","223","160","174","168","206","236","234","328","316","168","156","267","251","191","167","261","269","296","284","-9","-9","215","215","155","161","243","243","260","264"
"76","76","Jam","121","115","207","199","174","174","190","226","258","240","348","300","176","174","223","245","159","227","255","267","320","308","180","188","219","217","155","161","235","243","260","260"
"77","77","Jam","109","125","199","203","160","180","206","166","236","286","300","284","166","170","303","221","183","159","277","269","276","292","180","180","211","215","155","161","243","243","260","264"
"78","78","Jam","117","111","175","223","178","176","180","144","234","234","308","284","168","170","267","281","167","211","267","257","276","304","182","180","-9","-9","-9","-9","235","243","260","260"
"79","79","Jam","109","123","239","259","160","174","156","154","236","234","-9","-9","168","156","247","281","195","179","275","245","312","296","-9","-9","215","217","161","161","243","243","260","264"
"80","80","Jam","117","141","223","227","160","174","208","192","238","250","272","312","170","170","295","271","167","199","257","237","292","284","188","190","219","219","155","161","235","243","260","256"
"81","81","Jam","133","143","259","251","160","174","200","260","238","252","296","324","168","166","303","245","179","199","281","269","-9","-9","178","178","219","217","161","161","235","243","260","256"
"82","82","Jam","117","111","247","211","174","176","186","202","236","236","316","336","166","172","251","245","171","155","273","261","292","304","-9","-9","211","219","161","161","235","243","260","264"
"84","84","Jam","119","143","179","175","160","174","172","152","240","250","312","288","168","170","283","259","183","187","273","259","288","304","186","178","225","227","161","156","235","243","260","260"
"85","85","Jam","119","117","191","175","160","178","144","172","238","262","252","280","168","174","287","287","171","199","279","257","272","280","182","178","213","213","161","161","235","267","260","264"
"86","86","Jam","117","141","179","215","160","174","178","216","236","260","296","268","168","168","247","221","191","195","269","259","288","280","184","186","219","217","161","161","243","243","260","256"
"87","87","Jam","123","139","215","247","160","174","182","178","230","228","324","324","168","170","245","297","183","203","275","259","276","292","184","188","-9","-9","161","163","235","243","260","260"
"88","88","Jam","117","117","187","235","174","182","184","180","-9","-9","312","288","176","156","281","265","191","219","263","265","312","260","186","188","-9","-9","155","161","243","243","260","256"
"89","89","Jam","125","123","195","203","174","206","-9","-9","236","238","252","256","168","174","277","245","159","167","257","293","288","280","184","190","215","217","161","161","235","243","260","264"
"90","90","Jam","117","139","259","175","160","174","182","212","238","240","360","292","168","156","291","271","195","199","271","269","292","284","188","192","215","217","161","161","243","243","256","256"
"91","91","Jam","125","123","239","251","174","184","182","168","236","260","332","300","-9","-9","279","295","183","167","255","263","268","292","182","180","215","213","161","163","235","243","260","264"
"92","92","Jam","125","143","203","203","152","164","170","214","286","242","320","332","168","166","275","281","215","167","261","269","292","300","182","190","-9","-9","161","163","235","243","264","264"
"93","93","Jam","117","137","227","251","174","162","208","172","260","252","276","320","172","184","275","251","191","167","267","257","296","304","-9","-9","211","219","155","161","243","243","260","256"
"94","94","Jam","143","147","239","279","174","174","188","158","238","238","352","316","168","174","295","265","215","191","275","257","292","284","180","188","217","217","155","161","235","243","260","256"
"95","95","Jam","139","137","255","263","-9","-9","154","150","236","238","352","280","168","168","245","253","195","187","255","281","-9","-9","-9","-9","-9","-9","161","161","243","243","260","256"
"96","96","Jam","119","147","239","171","160","178","168","168","236","242","316","308","168","174","247","281","159","203","257","269","288","296","186","186","-9","-9","155","161","-9","-9","260","260"
"97","97","Jam","117","117","179","183","160","178","-9","-9","238","238","340","296","168","156","283","283","195","167","279","245","268","284","-9","-9","215","219","161","163","235","235","260","260"
"98","98","Jam","133","117","235","227","160","160","178","166","238","240","344","308","168","178","287","317","215","191","267","275","284","304","-9","-9","219","217","161","161","235","235","260","256"
"99","99","Jam","109","111","243","315","160","160","180","174","236","238","268","308","174","174","283","251","251","171","-9","-9","288","280","182","184","215","215","161","157","243","243","260","256"
"100","100","Jam","125","143","207","275","174","176","166","150","236","236","320","324","168","178","267","267","167","219","261","251","320","332","186","180","211","217","161","156","243","243","260","264"
"101","101","Jam","125","143","207","275","-9","-9","182","194","250","264","288","324","168","174","253","317","191","175","279","237","268","292","186","180","215","217","161","163","235","311","260","256"
"102","102","Shin","117","137","183","247","174","174","216","154","244","260","288","344","168","170","275","251","243","167","273","261","292","296","184","188","211","219","161","156","235","243","260","260"
"103","103","Shin","109","111","243","251","160","178","180","208","238","230","252","364","168","162","215","253","167","187","257","261","292","280","-9","-9","215","219","161","161","243","243","260","264"
"104","104","Shin","117","111","215","227","174","178","182","208","236","234","340","300","174","172","279","247","191","187","267","257","300","296","182","182","211","217","161","161","235","235","260","260"
"105","105","Shin","133","117","219","203","160","174","168","188","258","250","-9","-9","168","168","271","215","171","159","273","261","-9","-9","184","180","215","219","161","156","235","243","256","264"
"106","106","Shin","131","117","255","247","174","182","182","174","234","250","288","324","168","158","243","271","159","223","245","257","288","284","188","200","-9","-9","155","161","243","247","260","256"
"107","107","Shin","117","135","183","187","174","178","204","202","236","238","364","284","168","158","281","245","191","195","259","259","288","284","196","194","219","217","155","161","243","243","260","256"
"108","108","Shin","117","117","247","251","176","182","176","178","236","250","340","344","168","168","259","285","167","187","289","261","-9","-9","182","194","215","215","155","161","243","243","260","256"
"110","110","Shin","119","109","227","227","182","188","188","212","236","238","292","356","168","168","263","263","195","167","275","257","-9","-9","186","188","-9","-9","161","165","-9","-9","260","256"
"111","111","Shin","143","141","179","231","178","176","182","144","236","234","300","336","168","166","291","241","191","195","255","265","284","308","180","188","219","217","161","161","243","243","260","256"
"112","112","Shin","131","123","219","243","166","178","184","156","236","234","276","344","168","156","291","291","187","211","253","269","-9","-9","-9","-9","211","219","155","161","-9","-9","260","260"
"114","114","Shin","117","117","211","251","174","174","170","182","240","240","320","292","168","156","261","247","191","163","-9","-9","-9","-9","188","190","225","217","161","161","243","319","256","256"
"115","115","Shin","119","119","183","247","210","176","176","254","238","260","316","348","168","168","313","313","183","187","-9","-9","292","300","-9","-9","211","213","161","161","235","243","260","260"
"116","116","Shin","117","147","179","319","178","182","170","206","238","242","268","292","168","172","263","253","191","167","-9","-9","296","296","182","180","-9","-9","161","161","235","235","264","264"
"118","118","Shin","117","139","223","227","178","182","194","192","236","250","324","360","174","174","247","215","183","191","255","257","280","280","182","182","-9","-9","155","161","235","243","260","260"
"119","119","Shin","117","145","-9","-9","166","174","178","204","238","252","340","316","168","168","263","275","251","223","277","245","-9","-9","182","182","219","217","155","161","235","243","260","256"
"120","120","Shin","131","133","207","267","166","174","182","186","234","230","328","300","174","194","261","267","215","187","257","283","288","328","186","180","215","219","155","161","235","243","260","256"
"121","121","Shin","117","117","-9","-9","160","160","214","174","234","230","332","292","168","178","279","287","191","195","245","231","252","280","184","186","219","219","161","161","235","243","260","260"
"124","124","Shin","117","157","259","315","160","180","182","198","236","236","252","284","168","188","261","271","191","191","-9","-9","272","304","188","188","211","215","161","163","235","243","260","256"
"125","125","Shin","117","117","211","319","160","160","186","184","238","238","312","312","168","168","287","263","183","195","255","257","300","308","182","178","211","215","161","161","243","243","260","256"
"127","127","Shin","143","147","191","247","160","178","188","154","238","264","352","308","168","170","247","275","183","191","263","275","300","300","182","184","217","217","161","161","-9","-9","264","264"
"129","129","Shin","119","117","215","207","160","174","190","158","236","258","268","332","168","176","243","245","167","167","273","273","272","280","182","180","-9","-9","161","161","243","247","260","264"
"130","130","Shin","131","139","219","235","174","178","186","212","250","232","-9","-9","168","172","287","219","191","159","275","269","-9","-9","196","178","-9","-9","161","156","235","319","260","260"
"131","131","Shin","109","115","211","207","176","188","188","180","236","238","316","304","168","168","313","245","187","223","-9","-9","-9","-9","184","188","211","211","161","163","243","243","264","268"
"132","132","Shin","111","125","247","227","160","160","170","210","236","236","328","332","168","162","245","249","171","187","-9","-9","296","296","-9","-9","211","215","161","161","235","243","260","260"
"134","134","Shin","117","117","259","211","174","176","190","180","240","256","320","280","176","164","295","245","187","187","285","261","296","280","182","186","211","217","161","161","235","243","260","256"
"135","135","Shin","127","127","163","199","160","206","188","174","240","276","-9","-9","168","158","265","265","183","199","257","261","296","280","186","200","219","225","161","156","243","243","260","256"
"136","136","Shin","117","139","195","195","160","174","182","212","236","236","280","344","166","170","275","215","243","167","267","259","252","280","184","192","219","213","161","161","235","235","260","256"
"137","137","Shin","111","125","211","295","160","178","182","150","238","234","340","344","172","172","265","265","167","235","267","253","-9","-9","186","178","215","217","161","163","-9","-9","260","264"
"140","140","Shin","117","157","191","199","174","172","188","204","236","240","312","344","168","172","279","275","167","163","279","259","-9","-9","182","182","219","217","161","161","243","243","260","260"
"143","143","Shin","117","129","247","251","174","182","190","192","236","240","316","336","168","168","251","215","-9","-9","273","269","288","280","184","188","-9","-9","161","161","235","243","260","260"
"145","145","Shin","139","157","243","303","174","162","178","214","240","228","296","320","168","176","287","243","195","187","265","293","288","296","184","200","211","209","161","161","-9","-9","260","256"
"146","146","Shin","131","127","247","287","160","176","186","162","236","252","312","332","168","174","271","281","159","231","273","253","300","296","180","188","215","219","161","156","-9","-9","260","264"
"147","147","Shin","117","109","231","231","160","184","154","212","238","260","304","332","168","168","259","221","183","191","255","261","296","284","182","188","-9","-9","161","161","235","243","256","256"
"148","148","Shin","119","121","251","283","174","178","210","192","236","236","316","320","168","158","267","275","251","187","253","261","-9","-9","184","198","211","211","161","156","-9","-9","256","256"
"149","149","Shin","119","117","239","255","174","182","182","194","236","238","268","292","168","168","287","269","183","187","267","261","268","280","182","180","219","217","161","161","-9","-9","-9","-9"
"151","151","Shin","117","143","231","311","174","176","210","212","236","238","352","308","168","170","283","307","-9","-9","269","241","292","292","186","188","-9","-9","161","161","-9","-9","260","264"
"152","152","Shin","117","117","255","231","176","156","184","154","258","234","316","324","174","156","279","287","215","187","275","251","292","280","184","178","215","217","161","161","243","243","260","256"
"153","153","Shin","109","139","259","287","160","182","214","214","240","260","352","328","166","174","267","275","183","191","255","255","288","280","182","188","211","219","-9","-9","-9","-9","260","260"
"154","154","Shin","131","117","179","187","174","174","186","154","238","238","252","324","168","168","247","243","171","195","263","265","252","284","186","190","-9","-9","-9","-9","243","247","256","264"
"155","155","Shin","119","119","187","271","160","174","168","220","236","236","340","352","168","168","263","243","215","187","255","269","296","280","188","190","219","213","161","161","243","243","260","256"
"156","156","Shin","117","121","247","211","-9","-9","158","158","240","234","272","336","166","178","263","299","167","187","267","261","296","280","184","188","211","215","161","161","235","235","-9","-9"
"157","157","Shin","117","139","243","243","174","178","186","156","236","236","328","300","168","158","261","287","215","159","255","271","284","308","184","188","211","211","161","161","235","243","260","260"
"162","162","Shin","117","123","247","251","-9","-9","178","190","250","246","296","284","172","164","261","215","179","199","277","259","-9","-9","184","188","215","217","161","156","243","243","260","260"
"163","163","Shin","111","111","251","203","160","166","-9","-9","236","236","316","324","168","168","261","291","207","195","275","275","288","280","182","188","-9","-9","161","161","235","235","260","256"
"164","164","Shin","109","111","183","223","174","174","156","156","236","236","316","332","166","156","243","299","251","159","261","237","-9","-9","182","182","211","219","161","156","235","235","260","260"
"165","165","Shin","117","141","259","251","174","178","182","214","236","260","-9","-9","170","164","287","215","-9","-9","273","261","-9","-9","-9","-9","219","217","161","161","235","243","260","260"
"166","166","Shin","133","111","259","203","160","164","176","172","238","238","268","332","168","172","215","269","-9","-9","271","293","292","284","182","186","-9","-9","155","161","-9","-9","260","260"
"167","167","Shin","119","125","247","247","160","188","164","220","236","234","276","252","168","168","-9","-9","191","211","275","257","300","284","184","188","211","215","161","163","235","243","260","264"
"168","168","Shin","121","135","227","227","210","178","158","180","236","234","332","364","-9","-9","243","271","183","191","-9","-9","-9","-9","182","182","211","211","161","156","-9","-9","260","256"
"169","169","Shin","117","117","191","247","160","174","180","208","236","236","272","328","168","178","275","215","191","207","-9","-9","288","272","182","188","211","215","161","161","243","335","260","256"
"170","170","Shin","115","115","195","227","174","174","190","188","236","238","340","328","168","162","263","263","195","167","257","269","272","280","180","188","219","217","161","163","-9","-9","260","256"
"171","171","Shin","133","121","-9","-9","174","182","180","208","236","234","340","320","162","158","251","215","195","187","273","251","276","288","184","194","219","219","161","161","235","243","260","256"
"172","172","Shin","117","121","259","255","160","178","182","182","238","240","312","368","168","178","283","299","183","159","-9","-9","296","304","-9","-9","-9","-9","161","163","235","267","260","256"
"176","176","Mt","117","117","175","207","174","176","-9","-9","286","250","316","280","176","162","287","251","191","207","275","279","-9","-9","182","188","215","213","161","156","235","243","256","264"
"178","178","Mt","115","153","195","243","162","164","208","192","-9","-9","320","336","162","162","291","255","163","199","245","283","292","280","182","188","211","217","161","156","243","319","260","256"
"180","180","Mt","117","137","219","267","160","166","184","208","238","240","320","360","168","166","279","247","195","223","289","261","292","280","180","188","215","217","161","161","243","243","260","264"
"181","181","Mt","117","109","187","203","174","176","198","172","234","264","320","344","-9","-9","279","279","191","187","277","259","-9","-9","182","182","215","219","161","161","243","243","260","256"
"182","182","Mt","117","117","183","203","-9","-9","168","168","240","286","272","252","176","174","291","247","187","187","273","257","288","268","182","196","219","217","161","163","-9","-9","260","264"
"183","183","Mt","133","119","287","271","180","208","184","158","236","240","276","292","168","174","219","219","183","187","257","261","-9","-9","188","188","215","217","161","161","-9","-9","256","256"
"184","184","Mt","121","121","227","251","174","180","182","172","240","286","340","280","168","170","247","275","167","199","289","261","300","284","188","190","215","213","161","156","235","243","260","256"
"187","187","Mt","111","137","183","243","160","160","182","160","236","236","320","348","172","164","219","215","183","167","261","261","292","284","182","184","219","217","161","156","235","267","260","256"
"188","188","Mt","117","123","247","211","-9","-9","-9","-9","238","252","296","252","168","170","283","235","191","191","273","265","296","296","180","200","-9","-9","161","161","235","267","256","264"
"192","192","Mt","117","117","239","243","-9","-9","186","180","238","260","280","304","168","178","267","245","207","167","-9","-9","292","296","182","184","219","217","161","156","227","227","-9","-9"
"193","193","Mt","117","121","179","171","174","158","194","260","238","258","320","384","166","164","283","243","159","179","273","265","312","284","196","176","217","217","161","156","235","243","256","256"
"194","194","Mt","117","117","231","227","178","176","182","178","236","242","328","280","168","156","271","245","159","167","267","259","288","300","188","178","217","217","161","156","235","235","260","256"
"195","195","Mt","117","125","239","223","160","160","200","150","236","238","272","312","168","166","291","247","183","187","281","269","-9","-9","182","186","217","217","161","156","-9","-9","260","256"
"196","196","Mt","119","117","255","227","166","182","178","154","236","234","340","320","-9","-9","261","269","195","187","275","269","280","284","182","188","211","219","161","161","235","243","260","256"
"198","198","Mt","121","123","179","247","178","178","180","204","236","238","348","292","168","168","283","245","159","167","277","275","-9","-9","-9","-9","-9","-9","161","161","243","243","260","260"
"199","199","Mt","131","127","239","247","166","180","170","186","236","264","340","312","168","172","267","299","183","167","257","269","284","304","182","184","215","217","161","156","243","243","260","256"
"200","200","Mt","117","127","215","235","180","180","170","214","240","252","296","324","166","162","287","275","243","159","255","267","236","292","190","178","219","217","161","156","243","243","260","256"
"201","201","Mt","117","111","255","251","174","174","182","188","236","240","-9","-9","168","168","255","243","171","167","-9","-9","-9","-9","182","196","211","217","161","156","235","243","260","260"
"202","202","Mt","125","143","247","231","160","206","178","214","238","260","340","364","168","172","283","255","183","167","275","265","320","272","186","196","217","193","161","156","235","235","260","256"
"203","203","Mt","117","137","267","171","174","174","180","154","240","264","344","344","168","198","283","273","251","167","255","293","288","236","182","184","217","217","161","156","-9","-9","260","264"
"204","204","Mt","119","115","239","227","174","176","168","180","236","238","272","284","168","168","-9","-9","183","187","277","263","300","316","182","186","-9","-9","161","156","243","243","260","260"
"205","205","Mt","131","117","251","271","160","174","198","144","236","238","316","304","168","158","261","291","199","199","281","261","-9","-9","196","194","215","215","161","161","227","243","260","260"
"206","206","Mt","117","121","231","243","166","174","182","216","236","250","288","300","168","166","281","239","191","191","265","261","292","280","184","190","221","217","161","161","235","243","260","260"
"207","207","Mt","139","148","259","155","178","202","202","240","236","236","296","284","168","174","247","255","163","223","267","281","276","292","186","190","227","209","155","161","235","243","260","256"
"208","208","Mt","121","143","183","195","174","174","-9","-9","236","260","268","320","168","176","-9","-9","195","187","255","269","-9","-9","180","188","219","213","155","161","235","243","260","264"
"210","210","Mt","109","123","211","243","160","188","178","180","236","238","268","336","168","168","279","283","191","211","281","263","288","236","182","190","211","211","155","161","235","243","260","260"
"211","211","Mt","117","177","211","211","178","182","-9","-9","238","230","340","280","168","174","287","263","167","167","261","269","-9","-9","188","188","-9","-9","155","161","243","243","260","264"
"212","212","Mt","117","125","239","247","160","174","206","222","254","252","268","316","168","168","243","215","191","175","267","271","276","288","-9","-9","211","219","161","163","235","267","256","256"
"213","213","Mt","131","117","179","195","174","174","180","148","260","250","276","348","168","168","247","295","171","187","-9","-9","-9","-9","182","196","215","215","161","161","235","243","260","256"
"214","214","Mt","117","147","243","235","160","166","182","184","238","234","328","320","168","158","283","265","243","183","267","275","-9","-9","184","194","211","219","161","161","235","243","260","260"
"215","215","Mt","117","117","259","191","174","188","188","208","240","234","340","352","168","158","259","259","167","187","-9","-9","-9","-9","-9","-9","217","209","161","161","243","243","256","264"
"217","217","Mt","117","121","191","263","-9","-9","190","190","236","236","320","320","168","166","261","247","-9","-9","267","263","292","292","184","188","-9","-9","161","161","243","243","-9","-9"
"218","218","Mt","121","111","215","175","-9","-9","166","192","236","238","328","300","168","170","277","215","171","191","255","277","276","300","186","226","211","215","155","161","-9","-9","-9","-9"
"219","219","Mt","117","161","235","263","174","180","178","216","236","238","340","348","170","174","291","291","243","187","269","259","292","332","182","182","217","213","161","161","243","243","256","256"
"220","220","Mt","117","121","251","315","160","164","182","208","236","238","324","300","168","168","263","299","191","211","277","269","292","296","188","188","217","213","155","161","243","243","260","268"
"221","221","Mt","133","119","223","207","174","176","182","180","238","258","340","264","168","172","271","299","167","199","267","269","292","280","188","188","219","213","161","161","235","235","260","264"
"222","222","Mt","119","115","259","227","160","212","186","186","236","260","276","356","168","166","263","265","183","175","-9","-9","-9","-9","182","188","217","217","161","156","243","243","260","260"
"223","223","Mt","111","125","247","295","182","180","188","150","238","238","328","316","168","176","251","281","159","223","255","263","284","316","186","188","215","225","161","163","227","235","256","264"
"224","224","Mt","117","147","259","251","174","178","216","190","238","258","252","332","162","158","303","317","183","227","255","279","296","280","180","188","211","211","161","163","235","335","260","264"
"225","225","Mt","133","115","179","227","160","176","188","194","238","250","312","300","162","162","261","291","187","179","273","261","292","272","186","192","211","211","161","157","235","243","260","256"
"226","226","Mt","121","125","183","223","178","176","208","154","236","238","348","304","168","174","291","287","183","203","255","275","-9","-9","182","180","219","219","161","156","243","243","260","256"
"227","227","Mt","119","117","267","251","178","188","184","172","238","234","328","316","168","174","275","235","187","187","259","259","288","304","186","178","217","213","161","161","243","243","260","264"
"228","228","Mt","117","121","191","283","-9","-9","198","158","238","238","320","288","168","162","303","243","-9","-9","277","261","288","264","180","188","-9","-9","161","156","243","243","-9","-9"
"229","229","Mt","137","129","239","227","160","180","182","178","236","230","328","268","168","176","247","243","167","203","267","285","-9","-9","182","188","215","219","161","161","-9","-9","260","260"
"230","230","Mt","125","139","259","171","160","174","190","168","236","240","320","248","168","172","275","235","191","167","277","289","292","284","180","190","211","217","161","156","243","243","260","256"
"231","231","Mt","117","117","239","207","160","204","180","218","260","250","328","296","168","168","279","247","167","199","275","257","-9","-9","180","200","219","217","161","156","235","243","260","256"
"232","232","Mt","117","125","215","235","178","178","170","216","236","238","340","332","174","162","303","243","195","195","267","281","296","244","184","178","215","217","161","165","-9","-9","260","256"
"233","233","Mt","109","143","231","159","174","174","182","220","-9","-9","320","360","168","168","287","245","195","187","255","269","276","272","182","180","219","213","161","161","235","243","260","264"
"234","234","Mt","109","111","187","235","-9","-9","188","212","234","246","320","320","168","172","247","215","167","179","277","263","288","292","184","186","219","213","161","156","243","247","256","264"
"235","235","Mt","119","121","247","263","160","178","220","158","236","238","248","308","166","156","287","287","167","187","279","257","292","296","182","190","211","225","161","156","235","243","260","256"
"236","236","Mt","117","137","239","175","160","174","158","172","238","226","268","332","166","172","287","265","183","187","255","279","-9","-9","182","180","211","215","161","156","243","243","256","256"
"237","237","Mt","117","137","243","199","160","208","180","144","236","250","272","260","170","156","247","255","167","167","255","269","296","280","186","190","211","219","161","161","235","243","260","260"
"239","239","Mt","139","143","183","183","174","178","206","212","236","236","248","360","174","162","283","271","171","195","257","269","296","280","188","192","215","217","163","165","235","243","260","260"
"240","240","Mt","117","111","191","231","160","180","170","156","236","258","-9","-9","168","158","283","243","191","199","263","269","312","292","180","188","219","219","161","156","235","243","260","264"
"241","241","Mt","121","111","183","223","210","174","184","148","238","224","296","268","170","156","299","245","159","195","269","259","280","304","184","188","211","213","161","156","243","267","260","264"
"242","242","Mt","117","115","239","235","160","174","188","212","236","250","-9","-9","168","174","257","317","159","187","285","261","296","284","182","186","217","213","161","156","-9","-9","260","256"
"243","243","Mt","121","109","219","263","178","180","178","188","236","238","276","316","168","166","281","281","159","195","255","261","292","300","182","196","211","211","161","161","235","243","260","260"
"245","245","Mt","119","139","191","183","174","190","210","154","238","258","-9","-9","-9","-9","271","245","159","187","275","275","276","296","188","176","217","217","161","156","-9","-9","260","264"
"246","246","Mt","117","117","247","227","174","180","178","194","236","268","316","280","168","172","263","219","195","187","273","279","-9","-9","188","178","225","217","161","161","243","243","264","264"
"247","247","Mt","125","125","259","255","178","182","168","150","236","260","252","320","178","172","247","283","171","167","281","277","288","256","184","188","215","217","161","156","235","243","260","256"
"249","249","Mt","121","125","223","227","174","188","190","208","238","240","328","252","166","178","291","291","191","159","281","261","292","304","182","188","211","219","161","156","243","243","256","264"
"250","250","Mt","119","119","219","203","160","174","-9","-9","236","230","304","336","170","172","275","271","191","159","265","261","280","284","190","178","215","219","161","156","243","243","260","268"
"251","251","Mt","117","111","211","271","160","174","182","156","238","258","328","312","174","164","261","287","191","163","259","283","300","280","188","188","211","217","161","156","235","243","256","256"
"252","252","Mt","125","135","215","243","160","182","158","192","246","266","272","344","168","166","271","245","207","195","261","317","292","280","186","180","219","219","161","161","227","235","260","256"
"253","253","Mt","117","117","243","223","160","178","158","208","234","286","332","284","168","168","279","243","183","159","273","277","268","280","-9","-9","215","219","161","163","243","319","264","264"
"254","254","Mt","117","111","223","263","166","174","216","214","238","260","280","304","-9","-9","243","243","171","199","281","265","288","292","182","190","211","211","161","161","235","243","256","264"
"255","255","Mt","109","111","207","207","174","178","216","166","238","238","304","332","-9","-9","263","255","191","195","271","259","252","280","190","178","211","217","161","161","235","243","260","256"
"256","256","Mt","109","135","239","267","160","174","182","184","238","230","280","344","170","178","277","245","195","167","261","269","284","260","188","190","215","213","161","156","243","243","-9","-9"
"257","257","Mt","117","137","207","207","166","174","182","182","244","240","320","344","-9","-9","263","245","159","179","275","259","280","304","186","180","211","219","161","156","235","243","260","256"
"258","258","Mt","117","117","183","227","160","178","182","198","240","250","252","356","-9","-9","283","215","243","243","273","281","288","252","184","186","211","219","161","156","235","243","268","272"
"259","259","Mt","117","135","239","235","166","166","178","220","236","258","324","332","168","186","275","317","171","163","267","265","268","280","196","190","211","221","161","156","235","235","-9","-9"
"260","260","Mt","117","117","247","203","160","182","156","212","258","240","320","280","170","156","247","249","179","203","275","283","296","284","186","188","217","213","161","161","251","259","-9","-9"
"261","261","Mt","139","137","191","183","178","176","182","222","236","234","296","360","-9","-9","245","249","183","199","289","289","292","280","188","188","-9","-9","161","161","235","243","-9","-9"
"262","262","Mt","119","117","179","203","176","188","182","168","260","250","320","264","168","170","271","271","183","159","281","277","-9","-9","182","184","211","219","161","157","235","235","256","256"
"263","263","Mt","143","137","247","243","-9","-9","182","210","236","260","332","300","174","172","-9","-9","251","187","269","283","280","308","182","180","211","215","161","156","235","243","260","260"
"264","264","Mt","117","117","239","183","160","174","182","182","236","286","316","280","168","168","279","287","167","167","277","275","312","272","-9","-9","215","217","161","161","235","243","260","260"
"265","265","Mt","133","133","255","243","160","174","176","182","236","238","276","324","168","168","243","245","167","235","255","251","304","260","180","188","219","225","161","156","243","243","260","256"
"266","266","Mt","157","147","259","255","-9","-9","-9","-9","236","236","312","300","168","166","219","275","243","199","263","265","280","304","190","178","225","217","161","156","235","243","260","260"
"267","267","Mt","133","119","195","207","-9","-9","168","156","236","236","332","336","168","172","243","235","187","187","261","261","288","268","184","180","217","217","161","157","235","243","260","264"
"268","268","Mt","121","125","187","187","174","188","176","220","258","230","272","296","170","174","279","281","195","187","273","261","288","284","180","188","219","217","161","161","235","235","260","260"
"269","269","Mt","111","143","247","243","160","160","188","220","236","260","328","320","168","168","283","255","183","167","273","281","292","280","186","186","217","213","161","161","235","243","260","260"
"270","270","Mt","117","113","247","187","160","160","158","208","236","236","320","324","168","168","287","259","183","207","257","269","296","280","184","180","215","217","161","161","243","243","260","260"
"271","271","Mt","119","117","183","195","160","174","216","192","258","234","316","332","-9","-9","263","275","215","187","261","313","280","284","188","190","219","217","161","156","235","243","260","260"
"272","272","Mt","119","111","219","251","160","174","182","160","238","240","348","312","176","174","271","271","183","179","281","277","280","284","180","188","211","217","161","161","235","243","260","256"
"273","273","Mt","119","143","195","187","174","176","188","156","236","230","268","280","168","174","267","259","183","195","281","261","292","296","182","200","211","211","161","163","243","243","260","256"
"274","274","Mt","121","141","187","187","176","176","182","148","240","260","296","300","168","180","271","245","-9","-9","257","269","280","304","186","180","211","215","161","156","235","243","260","260"
"275","275","Mt","133","117","183","247","174","174","158","214","286","256","268","332","168","168","287","245","159","195","277","257","292","280","184","186","219","217","161","156","235","243","260","264"
"276","276","Mt","117","109","247","243","174","178","-9","-9","234","264","272","280","168","174","287","281","-9","-9","281","275","288","292","180","188","213","213","161","161","243","243","260","256"
"277","277","Mt","117","109","183","195","160","180","150","150","238","238","304","332","168","168","261","291","191","195","255","257","288","284","182","180","211","217","155","161","243","243","260","260"
"278","278","Mt","119","117","223","271","174","178","184","174","258","240","340","340","162","164","247","247","191","235","269","297","280","280","184","180","211","215","161","161","235","243","260","256"
"279","279","Mt","139","129","247","195","178","176","158","148","236","236","328","280","168","172","291","247","183","199","273","261","276","280","182","180","219","217","161","156","243","243","260","264"
"280","280","Mt","119","111","219","243","160","174","188","166","260","250","328","316","168","168","255","221","183","179","267","281","-9","-9","186","158","211","213","161","161","243","243","260","264"
"281","281","Mt","119","125","267","251","174","188","210","220","236","234","284","292","168","166","263","251","191","167","285","253","296","280","196","190","219","229","161","156","227","235","256","264"
"282","282","Mt","133","117","191","247","174","188","184","218","236","238","352","328","-9","-9","257","245","203","247","269","259","-9","-9","182","190","211","219","161","156","235","173","260","256"
"283","283","Mt","117","109","223","267","174","174","156","208","236","234","312","300","-9","-9","261","283","215","167","273","279","292","280","190","190","219","217","161","156","235","243","260","256"
"284","284","Mt","119","125","239","183","160","160","190","212","236","236","296","296","-9","-9","243","245","183","163","253","261","268","272","182","188","211","215","161","161","235","243","260","256"
"285","285","Mt","121","139","211","187","178","178","214","148","236","240","320","344","-9","-9","267","219","167","187","255","273","-9","-9","180","176","211","215","161","161","243","243","260","260"
"286","286","Mt","117","121","215","223","160","182","168","166","236","238","340","332","168","156","287","251","215","235","265","261","-9","-9","182","186","217","217","161","163","227","243","260","264"
"287","287","Mt","117","129","191","211","174","176","182","220","236","228","320","360","168","186","247","299","243","199","-9","-9","288","292","-9","-9","221","219","161","163","235","315","260","264"
"288","288","Mt","139","135","215","247","160","162","220","158","-9","-9","280","284","174","164","263","221","159","167","271","269","320","280","182","178","211","215","161","157","227","235","260","256"
"289","289","Mt","119","135","255","183","166","174","210","156","238","234","328","320","168","172","263","219","183","159","263","259","296","272","182","180","219","219","161","156","243","243","260","260"
"290","290","Mt","117","139","243","251","160","174","186","190","238","260","352","360","168","172","267","291","183","199","263","257","292","296","-9","-9","211","211","161","156","235","243","260","260"
"291","291","Mt","133","148","231","263","184","188","180","156","238","250","348","332","-9","-9","281","299","-9","-9","253","283","288","280","184","186","219","219","161","156","235","243","260","264"
"292","292","Mt","117","143","179","243","166","178","182","172","238","256","-9","-9","-9","-9","251","245","159","223","277","279","292","272","188","194","215","217","163","163","235","235","-9","-9"
"293","293","Mt","135","147","259","251","174","208","190","214","238","230","-9","-9","-9","-9","291","245","191","163","281","261","268","280","182","186","211","217","155","161","243","243","260","256"
"294","294","Mt","111","111","195","251","166","178","192","174","240","234","340","352","168","168","295","251","175","199","281","265","268","296","180","188","211","215","155","161","235","243","260","260"
"295","295","Mt","133","139","183","251","174","178","-9","-9","236","240","316","284","168","168","261","283","195","187","255","277","288","280","-9","-9","215","217","161","156","243","267","260","264"
"296","296","Mt","117","117","255","227","160","174","182","182","286","272","276","336","168","168","247","283","199","247","275","269","248","260","182","182","211","215","161","156","243","243","260","264"
"297","297","Mt","131","125","247","231","174","174","194","180","238","264","352","316","168","170","245","245","-9","-9","277","269","288","280","182","190","217","217","161","156","243","243","260","256"
"298","298","Mt","131","117","227","263","166","180","188","220","236","236","276","320","168","170","279","281","215","171","-9","-9","280","280","190","178","211","219","161","161","235","243","260","264"
"299","299","Mt","119","143","191","175","174","176","182","190","260","234","360","264","178","162","287","243","171","195","-9","-9","288","296","186","226","211","211","161","156","235","235","256","256"
"300","300","Mt","111","125","179","215","188","192","210","192","244","286","272","364","176","164","251","299","183","187","-9","-9","280","284","182","226","211","219","-9","-9","243","243","260","260"
"301","301","Mt","117","111","231","223","174","182","180","130","236","240","352","300","-9","-9","243","271","171","199","281","265","-9","-9","-9","-9","217","213","161","161","243","335","256","264"
"302","302","Mt","117","139","255","235","160","178","190","206","236","240","296","252","168","172","263","221","183","191","255","293","292","292","-9","-9","211","217","161","161","235","243","260","256"
"303","303","Mt","143","137","247","243","184","180","182","210","236","260","332","300","174","172","263","251","251","187","269","283","280","308","-9","-9","211","215","161","161","235","243","260","260"
"304","304","Mt","131","115","215","159","160","160","182","208","234","250","348","280","168","168","287","289","191","247","267","285","292","260","182","232","217","217","155","161","235","243","256","264"
"305","305","Mt","119","117","183","207","178","176","192","192","236","238","360","332","166","178","283","255","199","199","263","285","312","296","188","200","-9","-9","161","161","235","243","260","264"
"306","306","Mt","117","121","219","243","174","178","168","158","236","238","268","300","168","170","271","269","159","195","285","297","276","268","178","200","-9","-9","161","161","235","243","260","256"
"307","307","Mt","117","109","255","227","178","178","178","150","230","242","320","280","168","174","271","289","159","159","267","289","300","296","188","188","217","209","161","161","-9","-9","260","256"
"308","308","Mt","131","139","255","251","178","178","216","208","236","258","276","300","-9","-9","267","243","159","187","273","257","292","256","-9","-9","-9","-9","155","161","243","243","256","264"
"309","309","Mt","111","125","219","223","174","178","142","148","236","238","252","280","176","170","283","275","159","195","265","257","292","324","182","180","211","219","161","161","243","243","260","256"
"310","310","Mt","117","135","183","195","178","178","170","158","254","240","-9","-9","168","162","247","243","175","199","257","269","300","296","180","188","217","209","161","161","235","243","260","260"
"311","311","Mt","131","117","195","195","160","160","182","180","236","236","340","280","168","172","275","251","191","167","271","241","-9","-9","184","178","211","211","161","161","-9","-9","260","260"
"312","312","Mt","127","137","183","251","160","188","180","180","236","260","320","320","168","166","279","247","171","199","257","257","292","284","180","188","-9","-9","161","161","235","243","260","256"
"313","313","Mt","111","137","247","211","174","178","198","172","238","272","272","284","168","168","247","263","191","159","259","259","288","304","188","188","211","219","161","161","-9","-9","260","256"
"314","314","Mt","121","139","255","247","174","184","166","154","238","250","320","300","168","174","251","289","243","223","267","261","-9","-9","180","190","215","207","161","161","-9","-9","260","256"
"315","315","Mt","119","115","223","207","166","208","186","180","238","240","272","348","168","174","267","243","159","195","285","285","-9","-9","182","182","219","219","161","161","235","243","256","256"
"316","316","Mt","147","145","263","203","160","174","158","180","236","286","320","300","178","172","255","271","171","195","255","257","288","296","-9","-9","217","207","161","161","235","235","256","264"
"317","317","Mt","117","143","207","267","178","176","178","148","236","250","272","316","168","172","247","283","167","187","255","263","292","280","186","178","219","213","161","161","235","243","260","256"
"318","318","Mt","131","125","255","267","160","160","182","204","236","236","252","300","168","170","251","289","183","183","-9","-9","296","304","180","188","211","213","161","161","-9","-9","280","288"
"319","319","Mt","121","121","239","235","174","180","206","150","240","260","360","332","166","156","289","301","183","159","255","269","320","284","196","190","211","211","161","161","-9","-9","260","256"
"320","320","Mt","117","109","191","235","160","166","166","204","236","280","328","364","170","170","279","291","187","187","281","275","288","296","-9","-9","219","217","161","161","-9","-9","260","256"
"321","321","Mt","111","125","247","203","166","164","186","200","238","258","272","328","168","174","275","281","183","159","267","259","-9","-9","196","188","215","215","161","163","235","243","260","260"
"322","322","Mt","117","129","183","263","178","180","182","184","236","238","276","332","168","166","283","289","183","215","265","261","276","280","180","188","215","217","161","161","-9","-9","260","256"
"323","323","Mt","125","135","259","219","176","182","188","154","236","236","340","328","168","168","247","243","167","211","255","275","276","284","180","190","-9","-9","161","161","235","243","260","256"
"324","324","Mt","121","115","247","231","160","174","176","206","238","244","252","280","-9","-9","247","221","195","167","255","269","292","280","184","186","-9","-9","161","156","235","243","260","260"
"325","325","Mt","119","123","239","259","-9","-9","166","220","260","228","320","320","168","172","247","243","251","163","255","269","300","264","-9","-9","217","213","161","161","235","243","260","256"
"326","326","Mt","133","117","191","187","178","162","156","148","238","238","276","320","168","160","283","289","-9","-9","257","259","276","284","182","188","215","215","161","161","-9","-9","260","260"
"327","327","Mt","111","125","183","203","-9","-9","192","148","238","230","280","360","168","176","299","301","-9","-9","-9","-9","292","280","180","200","211","211","161","161","-9","-9","260","256"
"328","328","Mt","117","117","231","271","174","184","194","192","238","262","252","280","168","168","263","263","191","187","267","261","288","296","196","180","219","217","161","163","-9","-9","256","268"
"329","329","Mt","119","117","283","287","166","174","166","152","238","286","316","332","174","180","271","305","187","211","271","237","292","284","182","196","-9","-9","161","163","-9","-9","260","256"
"330","330","Mt","117","139","219","267","-9","-9","180","192","238","250","340","344","156","184","267","279","191","199","285","261","292","284","180","188","-9","-9","161","161","227","235","256","256"
"331","331","Mt","117","115","219","223","160","160","210","162","238","286","352","320","168","162","267","317","187","163","293","305","320","308","190","190","219","217","161","161","235","243","260","264"
"332","332","Mt","117","147","247","207","166","174","186","188","238","240","316","288","168","168","287","219","183","199","245","271","296","280","182","190","211","211","161","156","-9","-9","264","264"
"S1","S1","Shin","117","117","243","251","-9","-9","182","182","236","246","340","300","168","176","267","271","167","167","277","269","-9","-9","186","192","215","217","161","161","235","335","256","256"
"S100","S100","Shin","119","117","259","219","174","178","190","166","236","238","296","372","168","174","-9","-9","171","191","255","275","288","316","180","190","211","217","161","163","243","243","256","256"
"S101","S101","Shin","117","145","247","243","174","178","198","224","238","238","364","388","168","172","243","259","171","191","255","275","288","316","196","178","219","213","161","163","-9","-9","260","264"
"S11","S11","Shin","117","143","227","227","-9","-9","-9","-9","238","286","320","312","174","162","271","217","167","199","255","261","312","292","182","186","211","217","161","161","-9","-9","260","256"
"S12","S12","Shin","117","111","183","223","160","176","176","176","236","238","348","312","168","170","279","263","211","199","275","243","276","268","-9","-9","-9","-9","161","163","-9","-9","260","256"
"S13","S13","Shin","125","125","239","231","174","176","200","174","236","252","328","324","168","158","279","247","167","167","253","257","288","284","184","190","-9","-9","161","161","235","243","260","264"
"S14","S14","Shin","133","125","179","183","166","166","198","154","236","256","352","316","168","166","259","289","171","191","277","269","288","300","186","180","211","211","161","156","-9","-9","260","256"
"S15","S15","Shin","111","123","183","227","178","176","188","188","236","238","364","260","-9","-9","255","251","183","159","285","269","288","268","196","180","-9","-9","161","161","235","243","260","260"
"S19","S19","Shin","119","141","259","299","174","170","182","182","240","240","340","300","-9","-9","279","247","251","183","285","257","276","308","186","188","217","209","161","156","-9","-9","260","260"
"S20","S20","Shin","117","139","231","267","174","178","182","172","260","234","320","280","168","164","-9","-9","159","199","277","289","292","264","180","188","215","225","161","161","243","243","256","264"
"S21","S21","Shin","117","143","255","243","-9","-9","158","194","236","286","348","332","168","176","247","275","167","211","275","261","-9","-9","184","188","-9","-9","161","163","243","243","260","260"
"S22","S22","Shin","125","139","259","203","160","174","180","222","236","240","320","356","174","172","263","263","191","167","267","241","272","308","182","188","219","213","161","161","-9","-9","260","260"
"S25","S25","Shin","117","117","247","251","174","174","186","180","238","238","296","296","168","166","263","263","159","203","255","265","288","296","186","196","215","215","161","161","-9","-9","260","256"
"S26","S26","Shin","117","121","255","235","160","174","144","144","236","238","312","324","170","174","251","217","187","223","269","259","280","308","180","188","211","211","161","163","-9","-9","260","260"
"S27","S27","Shin","111","111","231","251","174","176","194","160","238","250","328","268","168","168","279","275","171","167","255","285","288","280","-9","-9","217","207","161","161","-9","-9","256","256"
"S28","S28","Shin","119","139","231","227","176","188","172","196","260","252","316","308","168","178","247","283","195","163","245","253","288","300","182","178","-9","-9","161","163","235","243","-9","-9"
"S29","S29","Shin","117","121","179","263","-9","-9","204","222","238","238","-9","-9","174","164","255","259","183","167","281","269","292","308","184","186","219","217","-9","-9","235","243","256","256"
"S30","S30","Shin","131","117","259","251","160","166","-9","-9","238","240","328","312","168","168","287","275","195","199","281","299","328","324","184","184","-9","-9","161","163","243","267","256","264"
"S31","S31","Shin","131","117","259","251","178","182","-9","-9","258","240","328","312","168","168","283","271","-9","-9","289","285","-9","-9","180","180","-9","-9","161","163","243","267","256","264"
"S36","S36","Shin","117","111","219","166","174","182","220","174","236","236","320","284","174","162","247","217","243","211","273","269","292","328","190","190","-9","-9","161","156","-9","-9","264","264"
"S38","S38","Shin","117","121","183","199","174","174","182","204","240","256","252","332","168","168","259","289","211","211","-9","-9","292","272","196","196","-9","-9","161","156","227","235","256","264"
"S4","S4","Shin","123","137","195","263","176","182","180","192","240","250","320","256","168","176","271","289","-9","-9","275","269","312","304","188","190","211","215","161","161","251","259","264","264"
"S40","S40","Shin","117","135","183","271","160","162","-9","-9","236","240","296","332","168","162","283","313","167","187","255","269","288","292","184","188","-9","-9","161","161","-9","-9","260","256"
"S41","S41","Shin","117","139","259","243","-9","-9","156","160","236","258","-9","-9","168","174","267","305","191","199","255","263","296","296","180","180","-9","-9","161","156","-9","-9","260","256"
"S42","S42","Shin","133","115","191","183","-9","-9","186","208","236","234","328","312","162","172","283","301","159","167","277","269","280","280","182","226","217","217","161","161","235","243","256","264"
"S44","S44","Shin","117","135","255","183","174","188","182","220","236","238","328","336","166","162","279","305","183","167","263","257","-9","-9","182","188","-9","-9","161","161","-9","-9","256","256"
"S45","S45","Shin","117","125","219","223","160","164","188","222","236","238","328","300","168","176","247","301","159","187","263","257","288","292","182","196","211","211","161","161","-9","-9","-9","-9"
"S46","S46","Shin","119","145","247","231","174","176","166","166","258","254","280","264","176","162","279","265","203","203","285","269","288","292","180","180","211","211","161","157","-9","-9","260","260"
"S47","S47","Shin","133","117","183","163","174","182","182","154","236","236","276","312","168","158","243","271","191","195","265","269","-9","-9","180","188","217","213","161","156","-9","-9","260","264"
"S51","S51","Shin","119","139","187","187","174","174","156","150","236","286","300","356","168","158","263","275","159","195","267","269","288","300","184","188","215","219","161","161","-9","-9","256","264"
"S52","S52","Shin","117","147","195","223","174","162","182","144","236","240","328","288","168","158","279","259","167","187","265","329","288","292","196","178","211","215","161","163","-9","-9","260","256"
"S53","S53","Shin","117","137","183","243","-9","-9","180","212","236","254","328","296","168","168","255","271","183","199","279","245","280","328","182","186","217","213","161","156","243","243","256","264"
"S55","S55","Shin","109","135","183","195","160","174","182","182","236","260","340","312","174","156","247","301","179","211","275","279","276","304","182","184","211","211","161","161","-9","-9","260","260"
"S58","S58","Shin","117","121","179","255","160","174","182","192","238","260","340","312","174","156","-9","-9","179","211","275","279","276","304","182","186","211","217","161","156","-9","-9","260","264"
"S6","S6","Shin","117","125","179","183","178","180","186","180","258","262","320","336","172","172","267","251","167","187","277","245","284","304","190","192","-9","-9","161","161","-9","-9","260","264"
"S60","S60","Shin","117","147","179","207","178","176","-9","-9","238","240","-9","-9","168","162","251","217","-9","-9","281","261","288","292","182","190","211","217","161","163","235","243","260","256"
"S61","S61","Shin","119","125","207","283","152","164","170","168","236","240","320","332","168","174","263","251","195","163","257","237","-9","-9","188","188","211","215","161","156","235","243","260","264"
"S62","S62","Shin","119","117","191","207","174","178","188","180","236","250","252","320","166","176","257","271","187","187","275","269","292","284","188","188","225","213","161","156","235","243","260","264"
"S64","S64","Shin","119","119","191","183","174","188","178","208","236","230","340","332","174","194","279","247","-9","-9","259","251","292","280","188","188","-9","-9","161","163","-9","-9","256","264"
"S66","S66","Shin","117","125","215","183","174","176","216","180","264","280","272","320","168","156","283","301","195","187","277","269","268","292","182","182","215","217","161","161","235","243","260","256"
"S67","S67","Shin","117","139","191","251","174","174","182","190","258","286","-9","-9","-9","-9","279","251","195","163","245","245","-9","-9","180","178","-9","-9","155","161","235","243","260","264"
"S68","S68","Shin","119","127","179","247","174","176","164","216","236","238","316","364","168","168","263","299","191","167","277","271","268","292","186","180","211","213","161","161","-9","-9","260","264"
"S69","S69","Shin","117","137","211","271","180","180","188","180","240","250","316","344","176","172","259","289","163","223","265","271","292","284","186","188","-9","-9","161","161","-9","-9","260","256"
"S75","S75","Shin","117","123","215","235","-9","-9","180","180","240","232","272","336","168","168","-9","-9","195","187","265","259","-9","-9","184","180","219","213","161","163","-9","-9","260","260"
"S76","S76","Shin","117","121","231","235","174","162","184","154","240","234","272","252","168","168","-9","-9","191","187","245","259","-9","-9","182","182","219","217","161","161","-9","-9","260","260"
"S79","S79","Shin","121","111","179","263","160","174","206","220","236","238","340","268","168","162","255","271","191","167","255","273","-9","-9","196","178","213","207","161","161","-9","-9","260","256"
"S80","S80","Shin","131","117","243","163","166","180","186","166","236","258","276","332","168","168","279","247","159","159","255","275","276","324","182","186","-9","-9","161","161","-9","-9","256","256"
"S82","S82","Shin","121","143","195","275","166","176","216","206","240","230","-9","-9","168","168","247","293","183","167","281","265","288","256","182","178","211","219","161","163","-9","-9","260","260"
"S83","S83","Shin","117","117","191","271","174","174","170","154","238","234","320","280","168","166","271","301","183","195","-9","-9","236","292","180","180","219","219","161","161","251","251","256","264"
"S85","S85","Shin","119","143","179","235","178","178","186","180","238","250","272","316","168","170","-9","-9","191","167","-9","-9","288","312","184","180","211","229","161","161","-9","-9","260","260"
"S90","S90","Shin","111","125","231","283","178","180","206","184","238","260","296","348","168","184","-9","-9","183","191","281","281","-9","-9","186","180","-9","-9","161","163","-9","-9","260","264"
"S93","S93","Shin","117","139","179","247","176","176","154","144","238","250","268","324","168","168","271","305","167","187","261","269","276","300","182","188","-9","-9","161","156","227","235","260","256"
"S95","S95","Shin","117","113","247","243","178","176","210","166","236","238","316","316","174","172","247","263","243","187","285","285","280","304","188","190","211","213","161","161","235","243","260","256"
"S97","S97","Shin","117","143","191","231","160","166","170","184","236","238","348","332","168","178","-9","-9","171","159","255","273","268","280","182","180","219","219","155","161","227","235","260","256"
