20,375,1,,,,,,,,,,,,,,,,,,,,,,,,,,,,,,,,,,,,,,,
,,,,,,,,,,,,,,,,,,,,,,,,,,,,,,,,,,,,,,,,,
Ind,Pop,J42,,WF22,,PAM27,,PAM79,,WF27,,WF16,,WF33,,WF3,,WF517,,WF196,,WF223,,WF421,,A441,,PAM21,,PSY087,,PSY022,,WF06,,WF12,,WF01,,WF32,
70,Atl_Jam_6_2016,111,117,231,247,174,174,166,212,313,341,238,260,320,348,164,174,281,291,167,171,255,281,300,304,0,0,215,215,156,161,235,243,0,0,256,256,0,0,213,221
71,Atl_Jam_6_2016,117,117,207,303,160,210,154,216,285,309,236,236,292,316,162,168,215,261,167,199,245,289,276,284,182,184,213,217,163,163,219,227,256,260,256,260,0,0,215,247
72,Atl_Jam_6_2016,117,157,183,203,178,178,156,170,289,293,236,236,288,300,168,178,0,0,167,195,261,277,296,300,182,186,0,0,156,161,235,243,256,256,256,264,0,0,0,0
73,Atl_Jam_6_2016,117,121,223,259,174,174,148,190,269,313,238,240,276,320,176,178,0,0,187,191,0,0,284,288,180,190,213,217,161,161,235,243,256,256,256,260,0,0,217,283
74,Atl_Jam_6_2016,111,159,187,267,160,178,178,210,321,329,236,240,328,336,156,176,265,275,183,191,251,269,296,296,0,0,211,217,155,161,235,267,260,268,260,264,0,0,215,215
75,Atl_Jam_6_2016,115,139,223,231,160,174,168,206,309,321,234,236,316,328,156,168,251,267,167,191,261,269,284,296,0,0,215,215,155,161,243,243,264,264,260,264,266,286,0,0
76,Atl_Jam_6_2016,115,121,199,207,174,174,190,226,289,341,240,258,300,348,174,176,223,245,159,227,255,267,308,320,180,188,217,219,155,161,235,243,260,260,260,260,0,0,211,221
77,Atl_Jam_6_2016,109,125,199,203,160,180,166,206,277,293,236,286,284,300,166,170,221,303,159,183,269,277,276,292,180,180,211,215,155,161,243,243,252,268,260,264,0,0,0,0
78,Atl_Jam_6_2016,111,117,175,223,176,178,144,180,277,301,234,234,284,308,168,170,267,281,167,211,257,267,276,304,180,182,0,0,0,0,235,243,256,260,260,260,238,238,211,253
79,Atl_Jam_6_2016,109,123,239,259,160,174,154,156,277,329,234,236,0,0,156,168,247,281,179,195,245,275,296,312,0,0,215,217,161,161,243,243,244,256,260,264,0,0,211,221
80,Atl_Jam_6_2016,117,141,223,227,160,174,192,208,265,305,238,250,272,312,170,170,271,295,167,199,237,257,284,292,188,190,219,219,155,161,235,243,256,256,256,260,0,0,0,0
81,Atl_Jam_6_2016,133,143,251,259,160,174,200,260,289,317,238,252,296,324,166,168,245,303,179,199,269,281,0,0,178,178,217,219,161,161,235,243,256,256,256,260,0,0,273,283
82,Atl_Jam_6_2016,111,117,211,247,174,176,186,202,309,329,236,236,316,336,166,172,245,251,155,171,261,273,292,304,0,0,211,219,161,161,235,243,264,264,260,264,0,0,207,215
83,Atl_Jam_6_2016,111,127,183,243,174,180,0,0,321,337,234,250,328,344,172,174,0,0,183,235,0,0,0,0,0,0,219,219,161,161,235,243,244,248,256,260,250,286,0,0
84,Atl_Jam_6_2016,119,143,175,179,160,174,152,172,281,305,240,250,288,312,168,170,259,283,183,187,259,273,288,304,178,186,225,227,156,161,235,243,264,272,260,260,0,0,0,0
85,Atl_Jam_6_2016,117,119,175,191,160,178,144,172,245,273,238,262,252,280,168,174,287,287,171,199,257,279,272,280,178,182,213,213,161,161,235,267,256,260,260,264,266,286,205,213
86,Atl_Jam_6_2016,117,141,179,215,160,174,178,216,261,289,236,260,268,296,168,168,221,247,191,195,259,269,280,288,184,186,217,219,161,161,243,243,244,256,256,260,258,286,0,0
87,Atl_Jam_6_2016,123,139,215,247,160,174,178,182,317,317,228,230,324,324,168,170,245,297,183,203,259,275,276,292,184,188,0,0,161,163,235,243,256,256,260,260,0,0,205,213
88,Atl_Jam_6_2016,117,117,187,235,174,182,180,184,281,305,0,0,288,312,156,176,265,281,191,219,263,265,260,312,186,188,0,0,155,161,243,243,256,256,256,260,290,290,0,0
89,Atl_Jam_6_2016,123,125,195,203,174,206,0,0,245,249,236,238,252,256,168,174,245,277,159,167,257,293,280,288,184,190,215,217,161,161,235,243,248,248,260,264,290,290,211,221
90,Atl_Jam_6_2016,117,139,175,259,160,174,182,212,285,353,238,240,292,360,156,168,271,291,195,199,269,271,284,292,188,192,215,217,161,161,243,243,288,288,256,256,0,0,211,221
91,Atl_Jam_6_2016,123,125,239,251,174,184,168,182,293,325,236,260,300,332,0,0,279,295,167,183,255,263,268,292,180,182,213,215,161,163,235,243,256,264,260,264,0,0,215,255
92,Atl_Jam_6_2016,125,143,203,203,152,164,170,214,313,325,242,286,320,332,166,168,275,281,167,215,261,269,292,300,182,190,0,0,161,163,235,243,256,256,264,264,0,0,0,0
93,Atl_Jam_6_2016,117,137,227,251,162,174,172,208,269,313,252,260,276,320,172,184,251,275,167,191,257,267,296,304,0,0,211,219,155,161,243,243,256,260,256,260,0,0,0,0
94,Atl_Jam_6_2016,143,147,239,279,174,174,158,188,309,345,238,238,316,352,168,174,265,295,191,215,257,275,284,292,180,188,217,217,155,161,235,243,256,260,256,260,0,0,211,221
95,Atl_Jam_6_2016,137,139,255,263,0,0,150,154,277,345,236,238,280,352,168,168,245,253,187,195,255,281,0,0,0,0,0,0,161,161,243,243,256,260,256,260,254,290,215,283
96,Atl_Jam_6_2016,119,147,171,239,160,178,168,168,301,309,236,242,308,316,168,174,247,281,159,203,257,269,288,296,186,186,0,0,155,161,0,0,244,244,260,260,0,0,211,221
97,Atl_Jam_6_2016,117,117,179,183,160,178,0,0,289,333,238,238,296,340,156,168,283,283,167,195,245,279,268,284,0,0,215,219,161,163,235,235,256,256,260,260,0,0,217,217
98,Atl_Jam_6_2016,117,133,227,235,160,160,166,178,301,337,238,240,308,344,168,178,287,317,191,215,267,275,284,304,0,0,217,219,161,161,235,235,248,248,256,260,0,0,213,215
99,Atl_Jam_6_2016,109,111,243,315,160,160,174,180,261,301,236,238,268,308,174,174,251,283,171,251,0,0,280,288,182,184,215,215,157,161,243,243,268,268,256,260,0,0,221,257
100,Atl_Jam_6_2016,125,143,207,275,174,176,150,166,313,317,236,236,320,324,168,178,267,267,167,219,251,261,320,332,180,186,211,217,156,161,243,243,268,268,260,264,270,290,221,221
101,Atl_Jam_6_2016,125,143,207,275,0,0,182,194,313,317,250,264,288,324,168,174,253,317,175,191,237,279,268,292,180,186,215,217,161,163,235,311,248,268,256,260,0,0,213,221
39,Atl_Mor_6_2016,119,121,199,211,174,174,182,188,289,345,236,238,296,352,156,168,271,283,159,191,251,277,280,292,180,188,0,0,156,161,235,243,260,260,260,260,290,290,217,217
40,Atl_Mor_6_2016,117,125,183,283,160,174,148,200,301,305,236,250,308,312,168,168,275,275,187,187,0,0,0,0,184,190,0,0,161,161,235,235,256,256,256,256,0,0,0,0
41,Atl_Mor_6_2016,109,143,0,0,160,174,0,0,309,357,238,256,0,0,172,174,267,275,191,243,241,263,0,0,188,188,0,0,161,161,0,0,0,0,0,0,0,0,0,0
43,Atl_Mor_6_2016,117,119,207,287,0,0,180,182,261,261,236,236,256,268,166,168,263,271,175,215,259,275,268,292,0,0,0,0,156,161,235,243,244,268,260,260,0,0,285,285
44,Atl_Mor_6_2016,117,117,175,243,178,178,180,182,305,333,230,240,312,340,168,172,215,271,155,243,265,289,268,280,178,186,0,0,156,161,0,0,244,256,260,260,266,294,0,0
45,Atl_Mor_6_2016,117,129,223,239,160,160,180,184,261,333,234,238,268,340,168,168,247,247,175,195,255,275,0,0,0,0,211,211,155,161,235,243,256,264,260,264,0,0,0,0
46,Atl_Mor_6_2016,117,131,183,199,174,174,166,168,297,325,240,264,300,332,172,174,281,307,167,211,245,285,292,300,184,186,213,217,155,161,235,243,248,256,260,260,0,0,0,0
47,Atl_Mor_6_2016,121,125,187,251,162,174,170,212,313,337,238,242,320,344,168,168,0,0,183,231,265,269,284,300,0,0,213,217,161,161,235,243,256,256,256,260,0,0,217,217
48,Atl_Mor_6_2016,111,117,303,307,160,180,166,182,245,313,238,240,252,320,166,168,283,283,167,183,269,275,280,304,0,0,0,0,155,161,235,243,264,264,256,260,0,0,213,217
49,Atl_Mor_6_2016,143,157,231,259,160,182,158,180,309,373,238,238,316,380,166,168,271,275,171,187,0,0,280,296,0,0,0,0,161,161,227,243,256,256,256,264,0,0,0,0
50,Atl_Mor_6_2016,117,117,239,243,160,174,184,202,313,321,236,286,320,328,168,172,259,291,187,211,0,0,0,0,0,0,0,0,156,161,243,243,244,244,256,260,262,290,0,0
51,Atl_Mor_6_2016,111,111,175,231,160,176,184,194,245,313,236,256,252,320,168,172,239,295,167,251,267,281,280,296,0,0,215,219,156,161,235,247,256,260,260,260,0,0,0,0
52,Atl_Mor_6_2016,117,133,263,275,160,174,158,218,297,309,238,250,316,316,168,168,247,247,167,207,259,259,292,300,0,0,211,215,156,161,243,243,0,0,256,260,0,0,0,0
53,Atl_Mor_6_2016,111,115,219,255,174,176,170,190,309,341,240,286,316,348,158,164,265,281,187,207,265,273,288,292,188,190,213,217,156,161,243,267,260,260,260,260,266,290,0,0
54,Atl_Mor_6_2016,117,143,227,255,160,184,156,188,265,309,238,250,272,316,168,172,247,291,159,231,255,277,0,0,0,0,217,219,156,161,235,235,260,260,256,264,278,290,0,0
55,Atl_Mor_6_2016,115,123,235,251,0,0,180,184,309,329,236,238,316,336,162,174,263,263,167,183,0,0,268,292,0,0,211,211,161,161,243,243,0,0,256,260,262,290,0,0
56,Atl_Mor_6_2016,117,143,231,239,178,200,144,172,333,357,236,238,340,364,168,174,215,251,167,187,273,277,292,308,182,188,217,217,156,161,235,243,0,0,256,264,0,0,215,215
57,Atl_Mor_6_2016,117,117,215,223,174,178,168,168,293,309,240,258,300,312,158,170,243,299,167,175,259,273,228,296,182,184,215,219,161,163,235,243,248,260,260,260,0,0,0,0
58,Atl_Mor_6_2016,117,121,227,247,160,160,182,214,289,321,240,286,296,328,156,168,0,0,167,175,269,277,288,288,188,188,217,225,161,161,235,243,252,256,260,260,0,0,215,217
59,Atl_Mor_6_2016,117,143,247,279,174,200,180,188,277,373,236,236,284,380,168,168,257,261,183,199,269,277,280,300,0,0,0,0,161,163,227,319,244,260,260,260,0,0,0,0
60,Atl_Mor_6_2016,109,117,195,235,174,176,154,168,317,369,234,238,324,376,168,168,243,277,187,211,265,277,244,304,182,186,211,217,161,163,235,243,252,252,260,264,242,258,0,0
61,Atl_Mor_6_2016,133,139,243,287,170,178,180,198,309,313,238,252,316,320,166,178,0,0,159,171,261,275,284,296,182,188,217,219,161,161,235,243,0,0,260,264,290,290,215,249
62,Atl_Mor_6_2016,117,125,231,251,174,178,166,182,353,353,234,236,344,360,158,168,271,295,159,215,0,0,280,312,182,196,215,219,161,161,235,243,256,256,260,260,0,0,215,255
63,Atl_Mor_6_2016,117,125,195,227,174,178,158,206,325,325,236,258,324,332,168,174,247,279,167,183,255,287,280,296,182,184,217,217,161,163,235,267,256,264,260,260,278,290,0,0
64,Atl_Mor_6_2016,117,121,207,243,160,174,166,188,293,333,256,262,300,340,156,170,279,313,167,179,255,275,284,288,180,196,217,217,155,161,243,319,256,256,256,256,0,0,0,0
65,Atl_Mor_6_2016,117,117,179,187,0,0,188,190,265,313,258,264,272,320,168,174,247,261,167,187,267,267,288,296,0,0,211,219,161,161,235,295,244,256,256,260,282,290,0,0
66,Atl_Mor_6_2016,119,139,175,243,160,174,186,188,301,353,236,250,304,360,168,170,243,261,0,0,281,281,248,292,0,0,0,0,161,163,235,243,256,268,0,0,0,0,0,0
67,Atl_Mor_6_2016,111,139,227,251,178,178,192,208,265,309,234,236,272,316,168,172,261,279,167,175,253,269,284,292,0,0,211,211,161,163,227,235,256,256,264,264,0,0,0,0
68,Atl_Mor_6_2016,111,123,187,275,0,0,170,182,313,333,238,238,320,340,172,174,0,0,187,215,259,289,268,284,180,180,0,0,156,161,235,267,256,260,256,260,0,0,0,0
69,Atl_Mor_6_2016,117,125,231,263,160,174,202,220,261,265,236,238,264,272,168,170,243,271,167,171,265,269,292,320,180,182,215,217,161,161,235,235,256,264,260,264,0,0,0,0
189,Atl_Mt_1_2015,117,123,195,251,0,0,0,0,245,289,236,242,0,0,0,0,0,0,187,195,0,0,0,0,182,186,211,215,155,161,0,0,244,256,0,0,0,0,0,0
190,Atl_Mt_1_2015,0,0,239,259,0,0,168,184,0,0,0,0,0,0,0,0,0,0,187,215,257,269,292,296,178,184,211,217,161,161,0,0,0,0,0,0,0,0,0,0
191,Atl_Mt_1_2015,117,139,179,179,0,0,184,194,0,0,0,0,0,0,0,0,0,0,159,195,257,269,0,0,186,190,0,0,0,0,0,0,260,260,0,0,0,0,217,217
192,Atl_Mt_1_2015,117,117,239,243,0,0,180,186,277,325,238,260,280,304,168,178,245,267,167,207,0,0,292,296,182,184,217,219,156,161,227,227,260,260,0,0,0,0,215,217
193,Atl_Mt_1_2015,117,121,171,179,158,174,194,260,313,377,238,258,320,384,164,166,243,283,159,179,265,273,284,312,176,196,217,217,156,161,235,243,264,264,256,256,238,282,215,215
194,Atl_Mt_1_2015,117,117,227,231,176,178,178,182,273,321,236,242,280,328,156,168,245,271,159,167,259,267,288,300,178,188,217,217,156,161,235,235,260,260,256,260,274,286,215,291
195,Atl_Mt_1_2015,117,125,223,239,160,160,150,200,277,309,236,238,272,312,166,168,247,291,183,187,269,281,0,0,182,186,217,217,156,161,0,0,256,264,256,260,238,298,211,291
196,Atl_Mt_1_2015,117,119,227,255,166,182,154,178,313,333,234,236,320,340,0,0,261,269,187,195,269,275,280,284,182,188,211,219,161,161,235,243,256,264,256,260,262,270,217,221
197,Atl_Mt_1_2015,117,139,0,0,0,0,184,212,0,0,238,258,0,0,168,172,215,243,0,0,0,0,0,0,182,190,0,0,155,161,0,0,0,0,256,260,254,266,215,221
198,Atl_Mt_1_2015,121,123,179,247,178,178,180,204,269,341,236,238,292,348,168,168,245,283,159,167,275,277,0,0,0,0,0,0,161,161,243,243,256,256,260,260,274,290,215,221
206,Atl_Mt_1_2016,117,121,231,243,166,174,182,216,0,0,236,250,288,300,166,168,239,281,191,191,261,265,280,292,184,190,217,221,161,161,235,243,256,256,260,260,0,0,215,291
207,Atl_Mt_1_2016,139,148,155,259,178,202,202,240,277,289,236,236,284,296,168,174,247,255,163,223,267,281,276,292,186,190,209,227,155,161,235,243,244,244,256,260,0,0,217,251
208,Atl_Mt_1_2016,121,143,183,195,174,174,0,0,261,313,236,260,268,320,168,176,0,0,187,195,255,269,0,0,180,188,213,219,155,161,235,243,256,260,260,264,0,0,221,221
209,Atl_Mt_1_2016,109,117,183,255,0,0,170,186,0,0,236,250,276,320,162,168,287,295,0,0,261,269,252,292,182,194,0,0,161,161,0,0,256,256,0,0,258,274,0,0
224,Atl_Mt_1_2016,117,147,251,259,174,178,190,216,245,325,238,258,252,332,158,162,303,317,183,227,255,279,280,296,180,188,211,211,161,163,235,335,256,264,260,264,262,266,217,217
225,Atl_Mt_1_2016,115,133,179,227,160,176,188,194,289,305,238,250,300,312,162,162,261,291,179,187,261,273,272,292,186,192,211,211,157,161,235,243,260,264,256,260,254,266,217,217
226,Atl_Mt_1_2016,121,125,183,223,176,178,154,208,297,341,236,238,304,348,168,174,287,291,183,203,255,275,0,0,180,182,219,219,156,161,243,243,264,264,256,260,246,246,215,217
227,Atl_Mt_1_2016,117,119,251,267,178,188,172,184,313,321,234,238,316,328,168,174,235,275,187,187,259,259,288,304,178,186,213,217,161,161,243,243,244,260,260,264,0,0,211,217
228,Atl_Mt_1_2016,117,121,191,283,0,0,158,198,281,313,238,238,288,320,162,168,243,303,0,0,261,277,264,288,180,188,0,0,156,161,243,243,0,0,0,0,0,0,181,217
229,Atl_Mt_1_2016,129,137,227,239,160,180,178,182,261,321,230,236,268,328,168,176,243,247,167,203,267,285,0,0,182,188,215,219,161,161,0,0,0,0,260,260,250,290,213,215
230,Atl_Mt_1_2016,125,139,171,259,160,174,168,190,245,313,236,240,248,320,168,172,235,275,167,191,277,289,284,292,180,190,211,217,156,161,243,243,256,264,256,260,270,270,177,217
231,Atl_Mt_1_2016,117,117,207,239,160,204,180,218,289,321,250,260,296,328,168,168,247,279,167,199,257,275,0,0,180,200,217,219,156,161,235,243,248,256,256,260,274,302,215,215
232,Atl_Mt_1_2016,117,125,215,235,178,178,170,216,313,317,236,238,332,340,162,174,243,303,195,195,267,281,244,296,178,184,215,217,161,165,0,0,256,260,256,260,262,262,213,213
233,Atl_Mt_1_2016,109,143,159,231,174,174,182,220,0,0,0,0,320,360,168,168,245,287,187,195,255,269,272,276,180,182,213,219,161,161,235,243,256,260,260,264,258,290,217,221
234,Atl_Mt_1_2016,109,111,187,235,0,0,188,212,0,0,234,246,320,320,168,172,215,247,167,179,263,277,288,292,184,186,213,219,156,161,243,247,256,256,256,264,246,286,215,215
235,Atl_Mt_1_2016,119,121,247,263,160,178,158,220,245,301,236,238,248,308,156,166,287,287,167,187,257,279,292,296,182,190,211,225,156,161,235,243,256,256,256,260,274,278,215,215
236,Atl_Mt_1_2016,117,137,175,239,160,174,158,172,261,325,226,238,268,332,166,172,265,287,183,187,255,279,0,0,180,182,211,215,156,161,243,243,272,272,256,256,274,274,213,289
237,Atl_Mt_1_2016,117,137,199,243,160,208,144,180,253,265,236,250,260,272,156,170,247,255,167,167,255,269,280,296,186,190,211,219,161,161,235,243,256,264,260,260,246,274,177,251
238,Atl_Mt_1_2016,0,0,0,0,0,0,0,0,0,0,234,238,0,0,0,0,0,0,0,0,0,0,0,0,0,0,213,213,161,161,243,335,0,0,0,0,0,0,0,0
239,Atl_Mt_1_2016,139,143,183,183,174,178,206,212,245,353,236,236,248,360,162,174,271,283,171,195,257,269,280,296,188,192,215,217,163,165,235,243,256,264,260,260,270,286,221,221
240,Atl_Mt_1_2016,111,117,191,231,160,180,156,170,0,0,236,258,0,0,158,168,243,283,191,199,263,269,292,312,180,188,219,219,156,161,235,243,252,252,260,264,242,270,215,215
173,Atl_Mt_2_2015,113,121,0,0,0,0,0,0,0,0,0,0,0,0,0,0,0,0,0,0,0,0,0,0,0,0,0,0,0,0,0,0,0,0,0,0,0,0,0,0
174,Atl_Mt_2_2015,115,139,203,227,0,0,0,0,321,353,236,238,0,0,168,168,0,0,0,0,0,0,284,296,180,184,0,0,161,161,0,0,0,0,0,0,0,0,0,0
175,Atl_Mt_2_2015,117,141,0,0,0,0,0,0,0,0,236,238,0,0,0,0,0,0,0,0,0,0,292,292,0,0,0,0,0,0,0,0,0,0,234,238,0,0,0,0
176,Atl_Mt_2_2015,117,117,175,207,174,176,0,0,277,309,250,286,280,316,162,176,251,287,191,207,275,279,0,0,182,188,213,215,156,161,235,243,256,260,256,264,0,0,217,217
178,Atl_Mt_2_2015,115,153,195,243,162,164,192,208,317,329,0,0,320,336,162,162,255,291,163,199,245,283,280,292,182,188,211,217,156,161,243,319,252,256,256,260,0,0,217,217
179,Atl_Mt_2_2015,117,121,239,259,0,0,0,0,317,345,236,240,324,352,162,168,0,0,0,0,267,269,284,296,180,186,211,219,0,0,235,243,0,0,260,260,262,266,215,221
180,Atl_Mt_2_2015,117,137,219,267,160,166,184,208,313,353,238,240,320,360,166,168,247,279,195,223,261,289,280,292,180,188,215,217,161,161,243,243,260,260,260,264,0,0,215,283
181,Atl_Mt_2_2015,109,117,187,203,174,176,172,198,313,337,234,264,320,344,0,0,279,279,187,191,259,277,0,0,182,182,215,219,161,161,243,243,252,256,256,260,0,0,283,291
182,Atl_Mt_2_2015,117,117,183,203,0,0,168,168,245,265,240,286,252,272,174,176,247,291,187,187,257,273,268,288,182,196,217,219,161,163,0,0,0,0,260,264,0,0,213,217
183,Atl_Mt_2_2015,119,133,271,287,180,208,158,184,269,269,236,240,276,292,168,174,219,219,183,187,257,261,0,0,188,188,215,217,161,161,0,0,276,276,256,256,242,294,215,215
184,Atl_Mt_2_2015,121,121,227,251,174,180,172,182,273,333,240,286,280,340,168,170,247,275,167,199,261,289,284,300,188,190,213,215,156,161,235,243,256,256,256,260,0,0,255,283
185,Atl_Mt_2_2015,115,119,235,247,0,0,166,166,0,0,230,236,0,0,162,174,255,295,167,183,265,269,272,292,180,186,0,0,156,161,0,0,256,256,0,0,262,270,217,221
186,Atl_Mt_2_2015,121,143,223,251,0,0,0,0,0,0,0,0,0,0,166,168,215,219,0,0,0,0,0,0,184,194,0,0,156,161,0,0,0,0,0,0,0,0,215,257
187,Atl_Mt_2_2015,111,137,183,243,160,160,160,182,313,341,236,236,320,348,164,172,215,219,167,183,261,261,284,292,182,184,217,219,156,161,235,267,0,0,256,260,278,310,217,283
188,Atl_Mt_2_2015,117,123,211,247,0,0,0,0,245,289,238,252,252,296,168,170,235,283,191,191,265,273,296,296,180,200,0,0,161,161,235,267,244,256,256,264,246,250,213,213
199,Atl_Mt_2_2016,127,131,239,247,166,180,170,186,305,333,236,264,312,340,168,172,267,299,167,183,257,269,284,304,182,184,215,217,156,161,243,243,244,256,256,260,274,290,215,221
200,Atl_Mt_2_2016,117,127,215,235,180,180,170,214,0,0,240,252,296,324,162,166,275,287,159,243,255,267,236,292,178,190,217,219,156,161,243,243,256,264,256,260,0,0,217,283
201,Atl_Mt_2_2016,111,117,251,255,174,174,182,188,0,0,236,240,0,0,168,168,243,255,167,171,0,0,0,0,182,196,211,217,156,161,235,243,256,264,260,260,282,298,215,257
202,Atl_Mt_2_2016,125,143,231,247,160,206,178,214,333,357,238,260,340,364,168,172,255,283,167,183,265,275,272,320,186,196,193,217,156,161,235,235,252,256,256,260,274,282,181,283
203,Atl_Mt_2_2016,117,137,171,267,174,174,154,180,297,337,240,264,344,344,168,198,273,283,167,251,255,293,236,288,182,184,217,217,156,161,0,0,0,0,260,264,258,282,249,251
204,Atl_Mt_2_2016,115,119,227,239,174,176,168,180,265,277,236,238,272,284,168,168,0,0,183,187,263,277,300,316,182,186,0,0,156,161,243,243,260,260,260,260,246,294,283,285
205,Atl_Mt_2_2016,117,131,251,271,160,174,144,198,297,309,236,238,304,316,158,168,261,291,199,199,261,281,0,0,194,196,215,215,161,161,227,243,0,0,260,260,0,0,207,215
210,Atl_Mt_2_2016,109,123,211,243,160,188,178,180,261,329,236,238,268,336,168,168,279,283,191,211,263,281,236,288,182,190,211,211,155,161,235,243,252,252,260,260,0,0,211,283
211,Atl_Mt_2_2016,117,177,211,211,178,182,0,0,273,333,230,238,280,340,168,174,263,287,167,167,261,269,0,0,188,188,0,0,155,161,243,243,256,260,260,264,0,0,217,283
212,Atl_Mt_2_2016,117,125,239,247,160,174,206,222,261,309,252,254,268,316,168,168,215,243,175,191,267,271,276,288,0,0,211,219,161,163,235,267,248,260,256,256,0,0,217,217
213,Atl_Mt_2_2016,117,131,179,195,174,174,148,180,269,341,250,260,276,348,168,168,247,295,171,187,0,0,0,0,182,196,215,215,161,161,235,243,256,256,256,260,0,0,221,283
214,Atl_Mt_2_2016,117,147,235,243,160,166,182,184,313,321,234,238,320,328,158,168,265,283,183,243,267,275,0,0,184,194,211,219,161,161,235,243,244,256,260,260,0,0,257,291
215,Atl_Mt_2_2016,117,117,191,259,174,188,188,208,333,345,234,240,340,352,158,168,259,259,167,187,0,0,0,0,0,0,209,217,161,161,243,243,252,264,256,264,0,0,221,283
216,Atl_Mt_2_2016,111,137,195,243,0,0,0,0,309,317,236,240,316,324,172,176,215,261,0,0,269,275,0,0,0,0,0,0,0,0,243,243,0,0,256,256,246,266,215,215
217,Atl_Mt_2_2016,117,121,191,263,0,0,190,190,313,313,236,236,320,320,166,168,247,261,0,0,263,267,292,292,184,188,0,0,161,161,243,243,256,264,0,0,0,0,217,217
218,Atl_Mt_2_2016,111,121,175,215,0,0,166,192,293,321,236,238,300,328,168,170,215,277,171,191,255,277,276,300,186,226,211,215,155,161,0,0,0,0,0,0,0,0,221,221
219,Atl_Mt_2_2016,117,161,235,263,174,180,178,216,333,341,236,238,340,348,170,174,291,291,187,243,259,269,292,332,182,182,213,217,161,161,243,243,244,256,256,256,282,306,217,217
220,Atl_Mt_2_2016,117,121,251,315,160,164,182,208,293,317,236,238,300,324,168,168,263,299,191,211,269,277,292,296,188,188,213,217,155,161,243,243,256,256,260,268,0,0,211,255
221,Atl_Mt_2_2016,119,133,207,223,174,176,180,182,257,333,238,258,264,340,168,172,271,299,167,199,267,269,280,292,188,188,213,219,161,161,235,235,244,248,260,264,270,270,217,217
222,Atl_Mt_2_2016,115,119,227,259,160,212,186,186,269,349,236,260,276,356,166,168,263,265,175,183,0,0,0,0,182,188,217,217,156,161,243,243,244,263,260,260,266,266,257,285
223,Atl_Mt_2_2016,111,125,247,295,180,182,150,188,309,321,238,238,316,328,168,176,251,281,159,223,255,263,284,316,186,188,215,225,161,163,227,235,256,260,256,264,0,0,215,215
241,Atl_Mt_3_adults,111,121,183,223,174,210,148,184,261,289,224,238,268,296,156,170,245,299,159,195,259,269,280,304,184,188,211,213,156,161,243,267,244,260,260,264,234,270,249,249
242,Atl_Mt_3_adults,115,117,235,239,160,174,188,212,261,265,236,250,0,0,168,174,257,317,159,187,261,285,284,296,182,186,213,217,156,161,0,0,256,260,256,260,266,266,217,217
245,Atl_Mt_3_adults,119,139,183,191,174,190,154,210,281,313,238,258,0,0,0,0,245,271,159,187,275,275,276,296,176,188,217,217,156,161,0,0,244,260,260,264,278,294,215,217
246,Atl_Mt_3_adults,117,117,227,247,174,180,178,194,273,309,236,268,280,316,168,172,219,263,187,195,273,279,0,0,178,188,217,225,161,161,243,243,256,256,264,264,246,274,217,221
247,Atl_Mt_3_adults,125,125,255,259,178,182,150,168,245,313,236,260,252,320,172,178,247,283,167,171,277,281,256,288,184,188,215,217,156,161,235,243,264,264,256,260,302,302,217,251
249,Atl_Mt_3_adults,121,125,223,227,174,188,190,208,245,321,238,240,252,328,166,178,291,291,159,191,261,281,292,304,182,188,211,219,156,161,243,243,252,256,256,264,246,258,213,213
251,Atl_Mt_3_adults,111,117,211,271,160,174,156,182,305,321,238,258,312,328,164,174,261,287,163,191,259,283,280,300,188,188,211,217,156,161,235,243,244,260,256,256,270,270,221,221
252,Atl_Mt_3_adults,125,135,215,243,160,182,158,192,265,337,246,266,272,344,166,168,245,271,195,207,261,317,280,292,180,186,219,219,161,161,227,235,248,248,256,260,250,266,213,221
253,Atl_Mt_3_adults,117,117,223,243,160,178,158,208,277,325,234,286,284,332,168,168,243,279,159,183,273,277,268,280,0,0,215,219,161,163,243,319,256,256,264,264,278,278,213,255
255,Atl_Mt_3_adults,109,111,207,207,174,178,166,216,297,325,238,238,304,332,0,0,255,263,191,195,259,271,252,280,178,190,211,217,161,161,235,243,248,260,256,260,0,0,213,251
257,Atl_Mt_3_adults,117,137,207,207,166,174,182,182,313,337,240,244,320,344,0,0,245,263,159,179,259,275,280,304,180,186,211,219,156,161,235,243,244,256,256,260,0,0,217,217
258,Atl_Mt_3_adults,117,117,183,227,160,178,182,198,245,349,240,250,252,356,0,0,215,283,243,243,273,281,252,288,184,186,211,219,156,161,235,243,268,268,268,272,246,294,215,251
259,Atl_Mt_3_adults,117,135,235,239,166,166,178,220,317,325,236,258,324,332,168,186,275,317,163,171,265,267,268,280,190,196,211,221,156,161,235,235,256,256,0,0,0,0,213,221
260,Atl_Mt_3_adults,117,117,203,247,160,182,156,212,273,313,240,258,280,320,156,170,247,249,179,203,275,283,284,296,186,188,213,217,161,161,251,259,248,256,0,0,0,0,213,217
261,Atl_Mt_3_adults,137,139,183,191,176,178,182,222,289,353,234,236,296,360,0,0,245,249,183,199,289,289,280,292,188,188,0,0,161,161,235,243,260,260,0,0,0,0,217,283
262,Atl_Mt_3_adults,117,119,179,203,176,188,168,182,257,313,250,260,264,320,168,170,271,271,159,183,277,281,0,0,182,184,211,219,157,161,235,235,256,256,256,256,0,0,215,215
263,Atl_Mt_3_adults,137,143,243,247,0,0,182,210,289,325,236,260,300,332,172,174,0,0,187,251,269,283,280,308,180,182,211,215,156,161,235,243,0,0,260,260,0,0,217,221
264,Atl_Mt_3_adults,117,117,183,239,160,174,182,182,273,309,236,286,280,316,168,168,279,287,167,167,275,277,272,312,0,0,215,217,161,161,235,243,0,0,260,260,286,286,211,217
265,Atl_Mt_3_adults,133,133,243,255,160,174,176,182,269,317,236,238,276,324,168,168,243,245,167,235,251,255,260,304,180,188,219,225,156,161,243,243,260,260,256,260,0,0,215,289
266,Atl_Mt_3_adults,147,157,255,259,0,0,0,0,289,305,236,236,300,312,166,168,219,275,199,243,263,265,280,304,178,190,217,225,156,161,235,243,252,256,260,260,0,0,221,249
267,Atl_Mt_3_adults,119,133,195,207,0,0,156,168,325,329,236,236,332,336,168,172,235,243,187,187,261,261,268,288,180,184,217,217,157,161,235,243,256,260,260,264,0,0,221,283
268,Atl_Mt_3_adults,121,125,187,187,174,188,176,220,265,289,230,258,272,296,170,174,279,281,187,195,261,273,284,288,180,188,217,219,161,161,235,235,256,256,260,260,262,278,179,217
277,Atl_Mt_3_adults,109,117,183,195,160,180,150,150,297,325,238,238,304,332,168,168,261,291,191,195,255,257,284,288,180,182,211,217,155,161,243,243,256,256,260,260,290,294,215,249
332,Atl_Mt_3_adults,117,147,207,247,166,174,186,188,281,309,238,240,288,316,168,168,219,287,183,199,245,271,280,296,182,190,211,211,156,161,0,0,260,260,264,264,258,290,215,217
278,Atl_Mt_3_adults,117,119,223,271,174,178,174,184,333,333,240,258,340,340,162,164,247,247,191,235,269,297,280,280,180,184,211,215,161,161,235,243,244,256,256,260,242,242,215,221
279,Atl_Mt_3_adults,129,139,195,247,176,178,148,158,273,321,236,236,280,328,168,172,247,291,183,199,261,273,276,280,180,182,217,219,156,161,243,243,260,260,260,264,266,266,217,217
280,Atl_Mt_3_adults,111,119,219,243,160,174,166,188,309,321,250,260,316,328,168,168,221,255,179,183,267,281,0,0,158,186,211,213,161,161,243,243,244,252,260,264,258,274,217,217
281,Atl_Mt_3_adults,119,125,251,267,174,188,210,220,277,285,234,236,284,292,166,168,251,263,167,191,253,285,280,296,190,196,219,229,156,161,227,235,248,248,256,264,262,262,215,291
282,Atl_Mt_3_adults,117,133,191,247,174,188,184,218,321,345,236,238,328,352,0,0,245,257,203,247,259,269,0,0,182,190,211,219,156,161,173,235,0,0,256,260,254,258,213,215
283,Atl_Mt_3_adults,109,117,223,267,174,174,156,208,0,0,234,236,300,312,0,0,261,283,167,215,273,279,280,292,190,190,217,219,156,161,235,243,264,264,256,260,266,266,221,221
284,Atl_Mt_3_adults,119,125,183,239,160,160,190,212,289,289,236,236,296,296,0,0,243,245,163,183,253,261,268,272,182,188,211,215,161,161,235,243,0,0,256,260,274,274,221,221
285,Atl_Mt_3_adults,121,139,187,211,178,178,148,214,313,337,236,240,320,344,0,0,219,267,167,187,255,273,0,0,176,180,211,215,161,161,243,243,248,260,260,260,234,238,215,283
286,Atl_Mt_3_adults,117,121,215,223,160,182,166,168,325,333,236,238,332,340,156,168,251,287,215,235,261,265,0,0,182,186,217,217,161,163,227,243,260,260,260,264,250,278,215,217
289,Atl_Mt_3_adults,119,135,183,255,166,174,156,210,313,321,234,238,320,328,168,172,219,263,159,183,259,263,272,296,180,182,219,219,156,161,243,243,0,0,260,260,290,290,221,221
290,Atl_Mt_3_adults,117,139,243,251,160,174,186,190,341,353,238,260,352,360,168,172,267,291,183,199,257,263,292,296,0,0,211,211,156,161,235,243,252,256,260,260,238,238,215,215
291,Atl_Mt_3_adults,133,148,231,263,184,188,156,180,325,341,238,250,332,348,0,0,281,299,0,0,253,283,280,288,184,186,219,219,156,161,235,243,244,256,260,264,242,242,217,283
292,Atl_Mt_3_adults,117,143,179,243,166,178,172,182,289,333,238,256,0,0,0,0,245,251,159,223,277,279,272,292,188,194,215,217,163,163,235,235,256,256,0,0,270,286,215,215
293,Atl_Mt_3_adults,135,147,251,259,174,208,190,214,289,353,230,238,0,0,0,0,245,291,163,191,261,281,268,280,182,186,211,217,155,161,243,243,0,0,256,260,238,258,213,213
294,Atl_Mt_3_adults,111,111,195,251,166,178,174,192,333,345,234,240,340,352,168,168,251,295,175,199,265,281,268,296,180,188,211,215,155,161,235,243,260,260,260,260,270,278,215,217
296,Atl_Mt_3_adults,117,117,227,255,160,174,182,182,269,329,272,286,276,336,168,168,247,283,199,247,269,275,248,260,182,182,211,215,156,161,243,243,252,252,260,264,0,0,213,221
297,Atl_Mt_3_adults,125,131,231,247,174,174,180,194,309,345,238,264,316,352,168,170,245,245,0,0,269,277,280,288,182,190,217,217,156,161,243,243,0,0,256,260,266,266,215,221
298,Atl_Mt_3_adults,117,131,227,263,166,180,188,220,269,313,236,236,276,320,168,170,279,281,171,215,0,0,280,280,178,190,211,219,161,161,235,243,0,0,260,264,262,290,215,255
302,Atl_Mt_3_adults,117,139,235,255,160,178,190,206,245,289,236,240,252,296,168,172,221,263,183,191,255,293,292,292,0,0,211,217,161,161,235,243,260,260,256,260,266,266,215,215
303,Atl_Mt_3_adults,137,143,243,247,180,184,182,210,289,325,236,260,300,332,172,174,251,263,187,251,269,283,280,308,0,0,211,215,161,161,235,243,0,0,260,260,258,270,217,221
304,Atl_Mt_3_adults,115,131,159,215,160,160,182,208,273,341,234,250,280,348,168,168,287,289,191,247,267,285,260,292,182,232,217,217,155,161,235,243,256,268,256,264,286,290,249,291
305,Atl_Mt_3_adults,117,119,183,207,176,178,192,192,325,353,236,238,332,360,166,178,255,283,199,199,263,285,296,312,188,200,0,0,161,161,235,243,256,268,260,264,0,0,207,217
306,Atl_Mt_3_adults,117,121,219,243,174,178,158,168,261,293,236,238,268,300,168,170,269,271,159,195,285,297,268,276,178,200,0,0,161,161,235,243,252,256,256,260,258,258,221,221
307,Atl_Mt_3_adults,109,117,227,255,178,178,150,178,273,313,230,242,280,320,168,174,271,289,159,159,267,289,296,300,188,188,209,217,161,161,0,0,252,260,256,260,270,286,215,215
308,Atl_Mt_3_adults,131,139,251,255,178,178,208,216,269,293,236,258,276,300,0,0,243,267,159,187,257,273,256,292,0,0,0,0,155,161,243,243,244,244,256,264,258,270,213,215
310,Atl_Mt_3_adults,117,135,183,195,178,178,158,170,245,333,240,254,0,0,162,168,243,247,175,199,257,269,296,300,180,188,209,217,161,161,235,243,0,0,260,260,0,0,215,251
311,Atl_Mt_3_adults,117,131,195,195,160,160,180,182,273,333,236,236,280,340,168,172,251,275,167,191,241,271,0,0,178,184,211,211,161,161,0,0,264,264,260,260,262,278,215,215
313,Atl_Mt_3_adults,111,137,211,247,174,178,172,198,265,277,238,272,272,284,168,168,247,263,159,191,259,259,288,304,188,188,211,219,161,161,0,0,256,256,256,260,270,270,215,249
314,Atl_Mt_3_adults,121,139,247,255,174,184,154,166,297,313,238,250,300,320,168,174,251,289,223,243,261,267,0,0,180,190,207,215,161,161,0,0,252,256,256,260,0,0,213,217
315,Atl_Mt_3_adults,115,119,207,223,166,208,180,186,265,341,238,240,272,348,168,174,243,267,159,195,285,285,0,0,182,182,219,219,161,161,235,243,244,260,256,256,0,0,215,215
316,Atl_Mt_3_adults,145,147,203,263,160,174,158,180,293,313,236,286,300,320,172,178,255,271,171,195,255,257,288,296,0,0,207,217,161,161,235,235,0,0,256,264,266,274,215,217
317,Atl_Mt_3_adults,117,143,207,267,176,178,148,178,265,309,236,250,272,316,168,172,247,283,167,187,255,263,280,292,178,186,213,219,161,161,235,243,0,0,256,260,290,290,213,221
318,Atl_Mt_3_adults,125,131,255,267,160,160,182,204,245,297,236,236,252,300,168,170,251,289,183,183,0,0,296,304,180,188,211,213,161,161,0,0,0,0,280,288,0,0,213,215
319,Atl_Mt_3_adults,121,121,235,239,174,180,150,206,325,353,240,260,332,360,156,166,289,301,159,183,255,269,284,320,190,196,211,211,161,161,0,0,248,256,256,260,290,290,181,215
320,Atl_Mt_3_adults,109,117,191,235,160,166,166,204,321,357,236,280,328,364,170,170,279,291,187,187,275,281,288,296,0,0,217,219,161,161,0,0,0,0,256,260,0,0,215,215
321,Atl_Mt_3_adults,111,125,203,247,164,166,186,200,265,321,238,258,272,328,168,174,275,281,159,183,259,267,0,0,188,196,215,215,161,163,235,243,0,0,260,260,282,282,215,215
322,Atl_Mt_3_adults,117,129,183,263,178,180,182,184,269,329,236,238,276,332,166,168,283,289,183,215,261,265,276,280,180,188,215,217,161,161,0,0,256,256,256,260,0,0,215,283
323,Atl_Mt_3_adults,125,135,219,259,176,182,154,188,321,333,236,236,328,340,168,168,243,247,167,211,255,275,276,284,180,190,0,0,161,161,235,243,0,0,256,260,246,254,221,251
243,Atl_Mt_4_adults,109,121,219,263,178,180,178,188,269,309,236,238,276,316,166,168,281,281,159,195,255,261,292,300,182,196,211,211,161,161,235,243,256,268,260,260,262,266,221,221
250,Atl_Mt_4_adults,119,119,203,219,160,174,0,0,297,329,230,236,304,336,170,172,271,275,159,191,261,265,280,284,178,190,215,219,156,161,243,243,256,260,260,268,266,282,215,247
254,Atl_Mt_4_adults,111,117,223,263,166,174,214,216,273,297,238,260,280,304,0,0,243,243,171,199,265,281,288,292,182,190,211,211,161,161,235,243,260,260,256,264,0,0,215,221
256,Atl_Mt_4_adults,109,135,239,267,160,174,182,184,273,337,230,238,280,344,170,178,245,277,167,195,261,269,260,284,188,190,213,215,156,161,243,243,256,268,0,0,0,0,215,221
287,Atl_Mt_4_adults,117,129,191,211,174,176,182,220,313,353,228,236,320,360,168,186,247,299,199,243,0,0,288,292,0,0,219,221,161,163,235,315,0,0,260,264,270,270,217,249
288,Atl_Mt_4_adults,135,139,215,247,160,162,158,220,273,277,0,0,280,284,164,174,221,263,159,167,269,271,280,320,178,182,211,215,157,161,227,235,252,256,256,260,258,266,215,251
295,Atl_Mt_4_adults,133,139,183,251,174,178,0,0,277,309,236,240,284,316,168,168,261,283,187,195,255,277,280,288,0,0,215,217,156,161,243,267,240,248,260,264,286,290,215,285
299,Atl_Mt_4_adults,119,143,175,191,174,176,182,190,257,353,234,260,264,360,162,178,243,287,171,195,0,0,288,296,186,226,211,211,156,161,235,235,0,0,256,256,262,294,283,283
300,Atl_Mt_4_adults,111,125,179,215,188,192,192,210,265,357,244,286,272,364,164,176,251,299,183,187,0,0,280,284,182,226,211,219,0,0,243,243,260,260,260,260,278,298,181,217
301,Atl_Mt_4_adults,111,117,223,231,174,182,130,180,297,345,236,240,300,352,0,0,243,271,171,199,265,281,0,0,0,0,213,217,161,161,243,335,256,260,256,264,286,290,213,221
309,Atl_Mt_4_adults,111,125,219,223,174,178,142,148,245,273,236,238,252,280,170,176,275,283,159,195,257,265,292,324,180,182,211,219,161,161,243,243,0,0,256,260,262,286,215,215
312,Atl_Mt_4_adults,127,137,183,251,160,188,180,180,0,0,236,260,320,320,166,168,247,279,171,199,257,257,284,292,180,188,0,0,161,161,235,243,0,0,256,260,290,290,249,249
269,Atl_Mt_5_2015,111,143,243,247,160,160,188,220,313,321,236,260,320,328,168,168,255,283,167,183,273,281,280,292,186,186,213,217,161,161,235,243,0,0,260,260,0,0,177,217
270,Atl_Mt_5_2015,113,117,187,247,160,160,158,208,313,317,236,236,320,324,168,168,259,287,183,207,257,269,280,296,180,184,215,217,161,161,243,243,256,268,260,260,262,274,177,215
271,Atl_Mt_5_2015,117,119,183,195,160,174,192,216,309,325,234,258,316,332,0,0,263,275,187,215,261,313,280,284,188,190,217,219,156,161,235,243,0,0,260,260,250,250,217,221
272,Atl_Mt_5_2015,111,119,219,251,160,174,160,182,305,341,238,240,312,348,174,176,271,271,179,183,277,281,280,284,180,188,211,217,161,161,235,243,0,0,256,260,270,290,217,217
273,Atl_Mt_5_2015,119,143,187,195,174,176,156,188,261,273,230,236,268,280,168,174,259,267,183,195,261,281,292,296,182,200,211,211,161,163,243,243,248,248,256,260,274,274,213,213
274,Atl_Mt_5_2015,121,141,187,187,176,176,148,182,289,297,240,260,296,300,168,180,245,271,0,0,257,269,280,304,180,186,211,215,156,161,235,243,256,256,260,260,266,278,215,253
275,Atl_Mt_5_2015,117,133,183,247,174,174,158,214,261,325,256,286,268,332,168,168,245,287,159,195,257,277,280,292,184,186,217,219,156,161,235,243,264,264,260,264,246,246,217,255
276,Atl_Mt_5_2015,109,117,243,247,174,178,0,0,265,273,234,264,272,280,168,174,281,287,0,0,275,281,288,292,180,188,213,213,161,161,243,243,256,256,256,260,0,0,221,221
324,Atl_Mt_5_2016,115,121,231,247,160,174,176,206,245,273,238,244,252,280,0,0,221,247,167,195,255,269,280,292,184,186,0,0,156,161,235,243,0,0,260,260,242,242,217,217
325,Atl_Mt_5_2016,119,123,239,259,0,0,166,220,0,0,228,260,320,320,168,172,243,247,163,251,255,269,264,300,0,0,213,217,161,161,235,243,256,256,256,260,270,278,217,217
326,Atl_Mt_5_2016,117,133,187,191,162,178,148,156,269,313,238,238,276,320,160,168,283,289,0,0,257,259,276,284,182,188,215,215,161,161,0,0,252,260,260,260,246,270,221,291
327,Atl_Mt_5_2016,111,125,183,203,0,0,148,192,273,353,230,238,280,360,168,176,299,301,0,0,0,0,280,292,180,200,211,211,161,161,0,0,256,256,256,260,238,270,221,221
328,Atl_Mt_5_2016,117,117,231,271,174,184,192,194,245,273,238,262,252,280,168,168,263,263,187,191,261,267,288,296,180,196,217,219,161,163,0,0,0,0,256,268,278,278,249,283
329,Atl_Mt_5_2016,117,119,283,287,166,174,152,166,309,325,238,286,316,332,174,180,271,305,187,211,237,271,284,292,182,196,0,0,161,163,0,0,0,0,256,260,246,246,217,217
330,Atl_Mt_5_2016,117,139,219,267,0,0,180,192,333,337,238,250,340,344,156,184,267,279,191,199,261,285,284,292,180,188,0,0,161,161,227,235,256,260,256,256,254,254,215,257
331,Atl_Mt_5_2016,115,117,219,223,160,160,162,210,313,345,238,286,320,352,162,168,267,317,163,187,293,305,308,320,190,190,217,219,161,161,235,243,260,260,260,264,258,258,215,215
7,Atl_Nap_6_2016,131,133,179,215,160,210,164,170,333,345,236,238,340,352,168,168,261,267,243,251,255,267,276,288,182,184,0,0,155,161,227,235,260,260,260,260,0,0,0,0
8,Atl_Nap_6_2016,119,131,239,259,166,166,0,0,277,365,0,0,0,0,166,168,279,291,183,215,273,281,288,312,0,0,0,0,161,161,0,0,0,0,0,0,0,0,215,291
9,Atl_Nap_6_2016,117,119,191,255,174,178,176,182,265,321,226,238,272,328,168,168,0,0,0,0,277,281,236,268,186,196,211,221,155,161,235,243,256,260,256,260,0,0,0,0
10,Atl_Nap_6_2016,117,121,183,247,160,176,178,216,269,289,238,258,276,296,0,0,261,287,171,191,263,263,236,292,182,186,215,219,155,161,243,243,260,260,260,260,0,0,0,0
11,Atl_Nap_6_2016,117,117,175,211,160,174,176,186,245,261,236,262,252,268,168,176,247,263,171,207,275,279,288,300,182,226,0,0,155,161,243,243,0,0,256,264,270,290,0,0
12,Atl_Nap_6_2016,109,111,191,259,176,184,170,190,309,313,238,254,316,320,170,174,257,291,159,195,273,289,288,320,0,0,215,215,155,161,235,267,260,260,260,260,0,0,0,0
13,Atl_Nap_6_2016,121,127,231,231,174,182,168,206,269,341,236,238,276,348,170,170,283,295,183,195,245,247,252,300,184,196,0,0,161,163,235,243,256,256,256,256,286,286,221,289
14,Atl_Nap_6_2016,117,125,195,247,178,212,188,210,305,309,244,258,312,316,168,178,279,307,159,215,233,275,0,0,0,0,0,0,161,163,0,0,252,256,260,264,246,290,215,283
15,Atl_Nap_6_2016,117,121,211,219,160,160,182,210,269,341,236,236,288,348,162,170,263,283,183,255,265,281,268,292,0,0,0,0,161,161,243,243,256,256,260,264,0,0,0,0
16,Atl_Nap_6_2016,117,131,187,243,178,178,178,184,265,313,236,236,272,320,166,174,277,287,167,187,275,285,276,296,0,0,0,0,156,161,243,335,256,260,260,260,0,0,217,253
17,Atl_Nap_6_2016,117,125,223,235,176,180,184,206,289,333,238,240,296,340,156,168,219,279,187,191,0,0,272,288,0,0,0,0,163,163,243,243,260,260,260,260,258,290,0,0
18,Atl_Nap_6_2016,115,117,195,243,174,174,168,182,245,341,240,258,252,348,168,178,279,307,159,215,233,275,276,288,0,0,0,0,161,163,231,243,0,0,256,256,0,0,0,0
19,Atl_Nap_6_2016,119,125,235,239,160,180,178,188,257,269,238,260,0,0,0,0,219,247,187,187,267,275,280,292,0,0,0,0,155,161,243,243,256,264,256,256,0,0,0,0
20,Atl_Nap_6_2016,117,131,215,235,176,188,166,198,317,317,236,240,324,324,168,176,255,303,183,215,253,257,284,336,180,188,223,225,155,161,243,243,256,256,0,0,0,0,0,0
21,Atl_Nap_6_2016,111,123,179,227,176,178,186,188,309,337,236,238,316,352,168,174,263,275,183,195,261,267,284,296,180,182,219,219,161,161,235,243,256,260,260,264,0,0,209,217
22,Atl_Nap_6_2016,117,121,207,259,166,174,142,220,265,309,234,238,272,316,156,168,243,279,167,167,261,281,0,0,180,184,219,219,161,163,235,243,244,256,260,260,0,0,0,0
23,Atl_Nap_6_2016,117,127,179,239,0,0,158,214,297,313,238,260,320,320,168,170,287,291,195,251,261,271,280,296,0,0,211,217,161,161,235,243,256,256,256,260,258,262,0,0
24,Atl_Nap_6_2016,119,139,255,275,0,0,178,198,333,357,236,236,272,316,168,174,0,0,0,0,257,271,276,292,180,180,0,0,161,161,235,243,0,0,0,0,0,0,0,0
25,Atl_Nap_6_2016,109,117,227,235,166,182,158,194,305,321,230,234,312,328,168,172,243,275,167,187,277,289,280,308,0,0,215,215,156,161,235,235,268,268,0,0,294,298,217,221
26,Atl_Nap_6_2016,117,131,187,267,180,180,180,182,265,313,236,238,272,320,162,170,251,267,155,187,237,269,292,304,0,0,215,217,156,161,235,243,264,264,256,264,0,0,215,215
27,Atl_Nap_6_2016,121,133,227,247,174,174,176,186,265,273,260,286,280,280,168,176,247,287,195,195,271,279,268,284,190,198,0,0,156,161,235,243,260,260,260,264,286,286,215,283
28,Atl_Nap_6_2016,115,119,183,251,174,180,156,208,317,337,238,250,324,344,0,0,243,283,167,195,257,269,292,316,184,188,215,219,156,161,0,0,256,260,256,260,0,0,219,257
30,Atl_Nap_6_2016,127,143,179,223,160,160,0,0,269,269,238,260,0,0,168,172,247,261,179,191,0,0,280,292,180,188,0,0,155,161,235,243,256,256,260,264,0,0,0,0
31,Atl_Nap_6_2016,117,119,207,291,160,180,156,204,297,309,238,240,304,316,0,0,247,283,187,191,255,271,232,276,184,186,217,217,155,161,235,243,244,256,256,264,0,0,0,0
32,Atl_Nap_6_2016,117,117,223,259,0,0,182,188,301,301,240,260,0,0,158,162,259,275,203,219,241,263,284,356,0,0,217,221,161,161,235,243,0,0,0,0,258,278,0,0
33,Atl_Nap_6_2016,117,137,163,279,178,184,182,192,309,317,236,236,316,324,168,168,0,0,0,0,257,261,280,288,184,188,0,0,161,163,243,315,244,260,256,260,0,0,217,283
34,Atl_Nap_6_2016,117,125,163,179,160,160,148,194,289,297,236,236,296,302,162,174,283,291,191,219,259,285,292,300,0,0,215,215,161,161,235,243,260,260,260,264,0,0,221,291
35,Atl_Nap_6_2016,133,135,191,263,174,180,154,168,245,301,250,260,248,308,166,176,261,291,167,215,275,275,292,300,0,0,215,215,156,161,235,243,256,256,260,260,0,0,0,0
36,Atl_Nap_6_2016,119,139,159,231,174,178,184,224,273,353,238,240,280,360,168,168,287,291,163,187,257,269,268,316,0,0,211,211,156,161,235,243,248,248,260,264,0,0,275,283
37,Atl_Nap_6_2016,109,127,211,231,172,176,178,206,261,325,228,238,268,332,168,192,271,283,167,195,261,261,292,300,0,0,0,0,156,161,235,243,244,260,260,264,0,0,0,0
38,Atl_Nap_6_2016,133,137,227,235,174,212,178,190,273,317,236,250,280,324,168,174,255,267,167,195,281,285,292,296,0,0,215,219,161,161,235,243,0,0,260,260,0,0,0,0
102,Atl_Shin_1_2016,117,137,183,247,174,174,154,216,281,337,244,260,288,344,168,170,251,275,167,243,261,273,292,296,184,188,211,219,156,161,235,243,256,256,260,260,250,286,251,283
105,Atl_Shin_1_2016,117,133,203,219,160,174,168,188,293,305,250,258,0,0,168,168,215,271,159,171,261,273,0,0,180,184,215,219,156,161,235,243,248,256,256,264,0,0,215,283
106,Atl_Shin_1_2016,117,131,247,255,174,182,174,182,269,317,234,250,288,324,158,168,243,271,159,223,245,257,284,288,188,200,0,0,155,161,243,247,256,260,256,260,0,0,249,249
107,Atl_Shin_1_2016,117,135,183,187,174,178,202,204,265,277,236,238,284,364,158,168,245,281,191,195,259,259,284,288,194,196,217,219,155,161,243,243,256,260,256,260,0,0,215,291
108,Atl_Shin_1_2016,117,117,247,251,176,182,176,178,333,337,236,250,340,344,168,168,259,285,167,187,261,289,0,0,182,194,215,215,155,161,243,243,264,264,256,260,278,290,213,251
110,Atl_Shin_1_2016,109,119,227,227,182,188,188,212,273,349,236,238,292,356,168,168,263,263,167,195,257,275,0,0,186,188,0,0,161,165,0,0,244,248,256,260,0,0,217,217
111,Atl_Shin_1_2016,141,143,179,231,176,178,144,182,293,329,234,236,300,336,166,168,241,291,191,195,255,265,284,308,180,188,217,219,161,161,243,243,252,252,256,260,0,0,217,285
112,Atl_Shin_1_2016,123,131,219,243,166,178,156,184,269,337,234,236,276,344,156,168,291,291,187,211,253,269,0,0,0,0,211,219,155,161,0,0,244,264,260,260,278,286,215,215
123,Atl_Shin_1_2016,0,0,207,267,0,0,0,0,0,0,0,0,0,0,0,0,0,0,0,0,0,0,0,0,0,0,211,235,0,0,0,0,0,0,0,0,0,0,0,0
124,Atl_Shin_1_2016,117,157,259,315,160,180,182,198,245,277,236,236,252,284,168,188,261,271,191,191,0,0,272,304,188,188,211,215,161,163,235,243,256,256,256,260,0,0,217,217
125,Atl_Shin_1_2016,117,117,211,319,160,160,184,186,0,0,238,238,312,312,168,168,263,287,183,195,255,257,300,308,178,182,211,215,161,161,243,243,256,256,256,260,0,0,211,215
126,Atl_Shin_1_2016,117,117,207,235,0,0,186,188,317,317,236,250,324,324,158,174,243,267,0,0,0,0,284,296,184,190,215,225,161,163,0,0,256,256,0,0,0,0,221,283
127,Atl_Shin_1_2016,143,147,191,247,160,178,154,188,301,345,238,264,308,352,168,170,247,275,183,191,263,275,300,300,182,184,217,217,161,161,0,0,256,256,264,264,274,274,215,217
128,Atl_Shin_1_2016,119,125,247,255,0,0,168,184,313,321,236,238,320,328,164,168,243,261,0,0,0,0,276,288,182,182,0,0,156,161,0,0,0,0,0,0,0,0,217,221
129,Atl_Shin_1_2016,117,119,207,215,160,174,158,190,265,325,236,258,268,332,168,176,243,245,167,167,273,273,272,280,180,182,0,0,161,161,243,247,248,248,260,264,0,0,215,217
130,Atl_Shin_1_2016,131,139,219,235,174,178,186,212,309,357,232,250,0,0,168,172,219,287,159,191,269,275,0,0,178,196,0,0,156,161,235,319,256,256,260,260,306,306,213,215
131,Atl_Shin_1_2016,109,115,207,211,176,188,180,188,309,313,236,238,304,316,168,168,245,313,187,223,0,0,0,0,184,188,211,211,161,163,243,243,256,260,264,268,258,270,215,215
132,Atl_Shin_1_2016,111,125,227,247,160,160,170,210,321,325,236,236,328,332,162,168,245,249,171,187,0,0,296,296,0,0,211,215,161,161,235,243,256,256,260,260,250,282,217,221
133,Atl_Shin_1_2016,119,137,223,227,0,0,0,0,0,0,234,236,0,0,0,0,0,0,0,0,0,0,0,0,180,188,0,0,0,0,0,0,0,0,0,0,0,0,217,221
134,Atl_Shin_1_2016,117,117,211,259,174,176,180,190,273,313,240,256,280,320,164,176,245,295,187,187,261,285,280,296,182,186,211,217,161,161,235,243,256,256,256,260,266,266,213,213
135,Atl_Shin_1_2016,127,127,163,199,160,206,174,188,0,0,240,276,0,0,158,168,265,265,183,199,257,261,280,296,186,200,219,225,156,161,243,243,260,260,256,260,0,0,215,251
136,Atl_Shin_1_2016,117,139,195,195,160,174,182,212,273,337,236,236,280,344,166,170,215,275,167,243,259,267,252,280,184,192,213,219,161,161,235,235,256,256,256,260,0,0,217,217
137,Atl_Shin_1_2016,111,125,211,295,160,178,150,182,333,337,234,238,340,344,172,172,265,265,167,235,253,267,0,0,178,186,215,217,161,163,0,0,264,268,260,264,270,286,221,221
140,Atl_Shin_1_2016,117,157,191,199,172,174,188,204,305,337,236,240,312,344,168,172,275,279,163,167,259,279,0,0,182,182,217,219,161,161,243,243,244,244,260,260,0,0,217,217
143,Atl_Shin_1_2016,117,129,247,251,174,182,190,192,309,329,236,240,316,336,168,168,215,251,0,0,269,273,280,288,184,188,0,0,161,161,235,243,252,260,260,260,0,0,217,217
145,Atl_Shin_1_2016,139,157,243,303,162,174,178,214,289,313,228,240,296,320,168,176,243,287,187,195,265,293,288,296,184,200,209,211,161,161,0,0,256,256,256,260,290,290,213,215
146,Atl_Shin_1_2016,127,131,247,287,160,176,162,186,305,325,236,252,312,332,168,174,271,281,159,231,253,273,296,300,180,188,215,219,156,161,0,0,260,260,260,264,270,290,221,291
147,Atl_Shin_1_2016,109,117,231,231,160,184,154,212,297,325,238,260,304,332,168,168,221,259,183,191,255,261,284,296,182,188,0,0,161,161,235,243,256,260,256,256,0,0,215,283
152,Atl_Shin_1_2016,117,117,231,255,156,176,154,184,309,317,234,258,316,324,156,174,279,287,187,215,251,275,280,292,178,184,215,217,161,161,243,243,248,256,256,260,242,258,213,215
155,Atl_Shin_1_2016,119,119,187,271,160,174,168,220,333,345,236,236,340,352,168,168,243,263,187,215,255,269,280,296,188,190,213,219,161,161,243,243,256,260,256,260,246,246,221,221
156,Atl_Shin_1_2016,117,121,211,247,0,0,158,158,265,329,234,240,272,336,166,178,263,299,167,187,261,267,280,296,184,188,211,215,161,161,235,235,256,256,0,0,278,286,181,215
157,Atl_Shin_1_2016,117,139,243,243,174,178,156,186,293,321,236,236,300,328,158,168,261,287,159,215,255,271,284,308,184,188,211,211,161,161,235,243,244,244,260,260,246,250,221,289
158,Atl_Shin_1_2016,117,139,0,0,0,0,158,188,305,309,238,286,312,316,162,174,247,255,171,187,257,285,296,324,178,186,215,215,0,0,0,0,0,0,0,0,0,0,251,285
159,Atl_Shin_1_2016,131,143,199,243,0,0,166,166,265,365,0,0,0,0,158,164,0,0,163,163,0,0,0,0,182,186,0,0,0,0,0,0,260,260,0,0,0,0,217,283
160,Atl_Shin_1_2016,135,143,215,235,0,0,188,208,317,349,234,262,0,0,168,174,0,0,0,0,0,0,288,304,186,188,217,225,156,163,0,0,0,0,256,280,286,286,283,291
161,Atl_Shin_1_2016,117,127,175,247,0,0,192,214,273,317,234,240,0,0,168,168,0,0,0,0,0,0,288,292,0,0,0,0,161,161,0,0,0,0,0,0,0,0,221,221
164,Atl_Shin_1_2016,109,111,183,223,174,174,156,156,309,325,236,236,316,332,156,166,243,299,159,251,237,261,0,0,182,182,211,219,156,161,235,235,244,244,260,260,270,282,215,249
165,Atl_Shin_1_2016,117,141,251,259,174,178,182,214,0,0,236,260,0,0,164,170,215,287,0,0,261,273,0,0,0,0,217,219,161,161,235,243,256,260,260,260,290,306,213,221
166,Atl_Shin_1_2016,111,133,203,259,160,164,172,176,265,325,238,238,268,332,168,172,215,269,0,0,271,293,284,292,182,186,0,0,155,161,0,0,260,260,260,260,238,270,215,215
167,Atl_Shin_1_2016,119,125,247,247,160,188,164,220,245,269,234,236,252,276,168,168,0,0,191,211,257,275,284,300,184,188,211,215,161,163,235,243,0,0,260,264,286,290,215,217
168,Atl_Shin_1_2016,121,135,227,227,178,210,158,180,325,357,234,236,332,364,0,0,243,271,183,191,0,0,0,0,182,182,211,211,156,161,0,0,260,260,256,260,0,0,213,251
S1,Atl_Shin_1_2017,117,117,243,251,0,0,182,182,297,333,236,246,300,340,168,176,267,271,167,167,269,277,0,0,186,192,215,217,161,161,235,335,0,0,256,256,0,0,217,217
S25,Atl_Shin_1_2017,117,117,247,251,174,174,180,186,289,289,238,238,296,296,166,168,263,263,159,203,255,265,288,296,186,196,215,215,161,161,0,0,0,0,256,260,0,0,251,251
S27,Atl_Shin_1_2017,111,111,231,251,174,176,160,194,261,321,238,250,268,328,168,168,275,279,167,171,255,285,280,288,0,0,207,217,161,161,0,0,248,256,256,256,0,0,213,215
S28,Atl_Shin_1_2017,119,139,227,231,176,188,172,196,301,309,252,260,308,316,168,178,247,283,163,195,245,253,288,300,178,182,0,0,161,163,235,243,260,264,0,0,266,266,211,215
S29,Atl_Shin_1_2017,117,121,179,263,0,0,204,222,345,345,238,238,0,0,164,174,255,259,167,183,269,281,292,308,184,186,217,219,0,0,235,243,248,248,256,256,0,0,221,255
S30,Atl_Shin_1_2017,117,131,251,259,160,166,0,0,0,0,238,240,312,328,168,168,275,287,195,199,281,299,324,328,184,184,0,0,161,163,243,267,256,268,256,264,278,298,217,285
S31,Atl_Shin_1_2017,117,131,251,259,178,182,0,0,305,321,240,258,312,328,168,168,271,283,0,0,285,289,0,0,180,180,0,0,161,163,243,267,0,0,256,264,278,298,217,285
S36,Atl_Shin_1_2017,111,117,166,219,174,182,174,220,277,313,236,236,284,320,162,174,217,247,211,243,269,273,292,328,190,190,0,0,156,161,0,0,0,0,264,264,270,274,215,215
S40,Atl_Shin_1_2017,117,135,183,271,160,162,0,0,289,325,236,240,296,332,162,168,283,313,167,187,255,269,288,292,184,188,0,0,161,161,0,0,260,260,256,260,254,254,217,217
S41,Atl_Shin_1_2017,117,139,243,259,0,0,156,160,329,329,236,258,0,0,168,174,267,305,191,199,255,263,296,296,180,180,0,0,156,161,0,0,0,0,256,260,258,266,215,255
S42,Atl_Shin_1_2017,115,133,183,191,0,0,186,208,305,321,234,236,312,328,162,172,283,301,159,167,269,277,280,280,182,226,217,217,161,161,235,243,248,248,256,264,270,270,213,217
S47,Atl_Shin_1_2017,117,133,163,183,174,182,154,182,269,305,236,236,276,312,158,168,243,271,191,195,265,269,0,0,180,188,213,217,156,161,0,0,256,256,260,264,254,274,179,217
S51,Atl_Shin_1_2017,119,139,187,187,174,174,150,156,297,349,236,286,300,356,158,168,263,275,159,195,267,269,288,300,184,188,215,219,161,161,0,0,256,256,256,264,0,0,215,221
S53,Atl_Shin_1_2017,117,137,183,243,0,0,180,212,0,0,236,254,296,328,168,168,255,271,183,199,245,279,280,328,182,186,213,217,156,161,243,243,0,0,256,264,0,0,0,0
S55,Atl_Shin_1_2017,109,135,183,195,160,174,182,182,305,333,236,260,312,340,156,174,247,301,179,211,275,279,276,304,182,184,211,211,161,161,0,0,0,0,260,260,258,298,217,251
S60,Atl_Shin_1_2017,117,147,179,207,176,178,0,0,245,309,238,240,0,0,162,168,217,251,0,0,261,281,288,292,182,190,211,217,161,163,235,243,0,0,256,260,254,254,219,249
S64,Atl_Shin_1_2017,119,119,183,191,174,188,178,208,325,333,230,236,332,340,174,194,247,279,0,0,251,259,280,292,188,188,0,0,161,163,0,0,244,244,256,264,278,278,217,291
S66,Atl_Shin_1_2017,117,125,183,215,174,176,180,216,265,313,264,280,272,320,156,168,283,301,187,195,269,277,268,292,182,182,215,217,161,161,235,243,0,0,256,260,262,262,221,291
S76,Atl_Shin_1_2017,117,121,231,235,162,174,154,184,245,265,234,240,252,272,168,168,0,0,187,191,245,259,0,0,182,182,217,219,161,161,0,0,264,264,260,260,242,242,221,247
103,Atl_Shin_2_2016,109,111,243,251,160,178,180,208,233,245,230,238,252,364,162,168,215,253,167,187,257,261,280,292,0,0,215,219,161,161,243,243,244,244,260,264,0,0,209,217
104,Atl_Shin_2_2016,111,117,215,227,174,178,182,208,293,333,234,236,300,340,172,174,247,279,187,191,257,267,296,300,182,182,211,217,161,161,235,235,0,0,260,260,0,0,215,215
114,Atl_Shin_2_2016,117,117,211,251,174,174,170,182,0,0,240,240,292,320,156,168,247,261,163,191,0,0,0,0,188,190,217,225,161,161,243,319,256,264,256,256,0,0,215,215
115,Atl_Shin_2_2016,119,119,183,247,176,210,176,254,309,341,238,260,316,348,168,168,313,313,183,187,0,0,292,300,0,0,211,213,161,161,235,243,264,268,260,260,0,0,217,217
116,Atl_Shin_2_2016,117,147,179,319,178,182,170,206,265,285,238,242,268,292,168,172,253,263,167,191,0,0,296,296,180,182,0,0,161,161,235,235,256,256,264,264,290,306,215,217
118,Atl_Shin_2_2016,117,139,223,227,178,182,192,194,317,353,236,250,324,360,174,174,215,247,183,191,255,257,280,280,182,182,0,0,155,161,235,243,244,244,260,260,0,0,217,217
119,Atl_Shin_2_2016,117,145,0,0,166,174,178,204,309,333,238,252,316,340,168,168,263,275,223,251,245,277,0,0,182,182,217,219,155,161,235,243,248,260,256,260,270,278,0,0
120,Atl_Shin_2_2016,131,133,207,267,166,174,182,186,297,321,230,234,300,328,174,194,261,267,187,215,257,283,288,328,180,186,215,219,155,161,235,243,256,256,256,260,270,290,217,217
121,Atl_Shin_2_2016,117,117,0,0,160,160,174,214,285,325,230,234,292,332,168,178,279,287,191,195,231,245,252,280,184,186,219,219,161,161,235,243,244,256,260,260,0,0,215,283
122,Atl_Shin_2_2016,125,139,295,311,178,178,168,182,265,365,234,236,272,372,0,0,251,251,163,175,263,265,0,0,0,0,0,0,161,163,0,0,256,260,256,256,0,0,213,219
138,Atl_Shin_2_2016,131,137,175,179,0,0,166,170,0,0,0,0,0,0,168,168,0,0,0,0,267,273,0,0,188,202,211,215,0,0,0,0,0,0,0,0,0,0,0,0
141,Atl_Shin_2_2016,117,139,223,227,0,0,156,178,0,0,256,258,0,0,168,168,0,0,0,0,0,0,0,0,182,190,211,215,0,0,0,0,0,0,0,0,0,0,217,291
142,Atl_Shin_2_2016,121,133,191,199,0,0,0,0,0,0,236,240,0,0,168,168,0,0,0,0,0,0,260,296,186,188,213,217,0,0,0,0,0,0,0,0,0,0,217,217
148,Atl_Shin_2_2016,119,121,251,283,174,178,192,210,309,313,236,236,316,320,158,168,267,275,187,251,253,261,0,0,184,198,211,211,156,161,0,0,256,256,256,256,0,0,215,249
149,Atl_Shin_2_2016,117,119,239,255,174,182,182,194,261,261,236,238,268,292,168,168,269,287,183,187,261,267,268,280,180,182,217,219,161,161,0,0,260,268,0,0,0,0,213,217
150,Atl_Shin_2_2016,115,117,195,227,0,0,142,186,313,341,226,236,320,348,166,174,261,265,171,183,0,0,280,300,188,196,211,211,0,0,0,0,0,0,0,0,0,0,0,0
151,Atl_Shin_2_2016,117,143,231,311,174,176,210,212,301,345,236,238,308,352,168,170,283,307,0,0,241,269,292,292,186,188,0,0,161,161,0,0,256,256,260,264,0,0,213,217
153,Atl_Shin_2_2016,109,139,259,287,160,182,214,214,321,345,240,260,328,352,166,174,267,275,183,191,255,255,280,288,182,188,211,219,0,0,0,0,0,0,260,260,250,294,217,291
154,Atl_Shin_2_2016,117,131,179,187,174,174,154,186,245,317,238,238,252,324,168,168,243,247,171,195,263,265,252,284,186,190,0,0,0,0,243,247,260,260,256,264,246,246,215,217
162,Atl_Shin_2_2016,117,123,247,251,0,0,178,190,277,289,246,250,284,296,164,172,215,261,179,199,259,277,0,0,184,188,215,217,156,161,243,243,260,264,260,260,266,278,215,221
163,Atl_Shin_2_2016,111,111,203,251,160,166,0,0,313,317,236,236,316,324,168,168,261,291,195,207,275,275,280,288,182,188,0,0,161,161,235,235,256,256,256,260,0,0,215,221
169,Atl_Shin_2_2016,117,117,191,247,160,174,180,208,265,321,236,236,272,328,168,178,215,275,191,207,0,0,272,288,182,188,211,215,161,161,243,335,260,260,256,260,0,0,291,291
170,Atl_Shin_2_2016,115,115,195,227,174,174,188,190,321,333,236,238,328,340,162,168,263,263,167,195,257,269,272,280,180,188,217,219,161,163,0,0,252,260,256,260,266,274,0,0
171,Atl_Shin_2_2016,121,133,0,0,174,182,180,208,313,333,234,236,320,340,158,162,215,251,187,195,251,273,276,288,184,194,219,219,161,161,235,243,244,260,256,260,0,0,221,253
172,Atl_Shin_2_2016,117,121,255,259,160,178,182,182,305,361,238,240,312,368,168,178,283,299,159,183,0,0,296,304,0,0,0,0,161,163,235,267,256,256,256,260,266,306,257,291
S100,Atl_Shin_2_2017,117,119,219,259,174,178,166,190,289,365,236,238,296,372,168,174,0,0,171,191,255,275,288,316,180,190,211,217,161,163,243,243,260,264,256,256,274,282,217,217
S101,Atl_Shin_2_2017,117,145,243,247,174,178,198,224,357,381,238,238,364,388,168,172,243,259,171,191,255,275,288,316,178,196,213,219,161,163,0,0,260,264,260,264,262,262,0,0
S11,Atl_Shin_2_2017,117,143,227,227,0,0,0,0,0,0,238,286,312,320,162,174,217,271,167,199,255,261,292,312,182,186,211,217,161,161,0,0,248,264,256,260,254,258,211,215
S12,Atl_Shin_2_2017,111,117,183,223,160,176,176,176,0,0,236,238,312,348,168,170,263,279,199,211,243,275,268,276,0,0,0,0,161,163,0,0,256,256,256,260,262,270,221,221
S13,Atl_Shin_2_2017,125,125,231,239,174,176,174,200,0,0,236,252,324,328,158,168,247,279,167,167,253,257,284,288,184,190,0,0,161,161,235,243,256,256,260,264,254,270,215,251
S14,Atl_Shin_2_2017,125,133,179,183,166,166,154,198,0,0,236,256,316,352,166,168,259,289,171,191,269,277,288,300,180,186,211,211,156,161,0,0,256,260,256,260,250,266,251,251
S15,Atl_Shin_2_2017,111,123,183,227,176,178,188,188,253,357,236,238,260,364,0,0,251,255,159,183,269,285,268,288,180,196,0,0,161,161,235,243,256,260,260,260,254,254,217,217
S19,Atl_Shin_2_2017,119,141,259,299,170,174,182,182,293,333,240,240,300,340,0,0,247,279,183,251,257,285,276,308,186,188,209,217,156,161,0,0,260,260,260,260,262,262,221,221
S20,Atl_Shin_2_2017,117,139,231,267,174,178,172,182,273,313,234,260,280,320,164,168,0,0,159,199,277,289,264,292,180,188,215,225,161,161,243,243,256,260,256,264,242,274,0,0
S21,Atl_Shin_2_2017,117,143,243,255,0,0,158,194,325,341,236,286,332,348,168,176,247,275,167,211,261,275,0,0,184,188,0,0,161,163,243,243,244,248,260,260,238,250,221,221
S22,Atl_Shin_2_2017,125,139,203,259,160,174,180,222,313,349,236,240,320,356,172,174,263,263,167,191,241,267,272,308,182,188,213,219,161,161,0,0,256,256,260,260,270,270,211,291
S26,Atl_Shin_2_2017,117,121,235,255,160,174,144,144,305,317,236,238,312,324,170,174,217,251,187,223,259,269,280,308,180,188,211,211,161,163,0,0,256,256,260,260,274,298,217,221
S34,Atl_Shin_2_2017,0,0,0,0,160,178,0,0,309,313,236,238,0,0,0,0,0,0,0,0,0,0,0,0,190,190,0,0,161,163,0,0,0,0,0,0,246,286,0,0
S38,Atl_Shin_2_2017,117,121,183,199,174,174,182,204,245,325,240,256,252,332,168,168,259,289,211,211,0,0,272,292,196,196,0,0,156,161,227,235,264,264,256,264,262,302,217,217
S39,Atl_Shin_2_2017,117,133,267,271,0,0,168,168,305,321,238,246,312,328,162,170,263,267,0,0,259,269,288,304,188,188,0,0,156,161,0,0,0,0,0,0,246,246,217,221
S4,Atl_Shin_2_2017,123,137,195,263,176,182,180,192,249,313,240,250,256,320,168,176,271,289,0,0,269,275,304,312,188,190,211,215,161,161,251,259,248,256,264,264,254,254,215,215
S44,Atl_Shin_2_2017,117,135,183,255,174,188,182,220,321,329,236,238,328,336,162,166,279,305,167,183,257,263,0,0,182,188,0,0,161,161,0,0,0,0,256,256,0,0,215,215
S45,Atl_Shin_2_2017,117,125,219,223,160,164,188,222,297,321,236,238,300,328,168,176,247,301,159,187,257,263,288,292,182,196,211,211,161,161,0,0,0,0,0,0,238,270,215,285
S46,Atl_Shin_2_2017,119,145,231,247,174,176,166,166,0,0,254,258,264,280,162,176,265,279,203,203,269,285,288,292,180,180,211,211,157,161,0,0,256,256,260,260,278,278,211,249
S52,Atl_Shin_2_2017,117,147,195,223,162,174,144,182,281,321,236,240,288,328,158,168,259,279,167,187,265,329,288,292,178,196,211,215,161,163,0,0,256,256,256,260,266,282,215,249
S58,Atl_Shin_2_2017,117,121,179,255,160,174,182,192,305,333,238,260,312,340,156,174,0,0,179,211,275,279,276,304,182,186,211,217,156,161,0,0,0,0,260,264,258,298,217,251
S6,Atl_Shin_2_2017,117,125,179,183,178,180,180,186,313,329,258,262,320,336,172,172,251,267,167,187,245,277,284,304,190,192,0,0,161,161,0,0,256,256,260,264,0,0,211,253
S61,Atl_Shin_2_2017,119,125,207,283,152,164,168,170,313,325,236,240,320,332,168,174,251,263,163,195,237,257,0,0,188,188,211,215,156,161,235,243,256,260,260,264,270,278,217,249
S62,Atl_Shin_2_2017,117,119,191,207,174,178,180,188,245,313,236,250,252,320,166,176,257,271,187,187,269,275,284,292,188,188,213,225,156,161,235,243,252,260,260,264,254,278,217,291
S67,Atl_Shin_2_2017,117,139,191,251,174,174,182,190,297,309,258,286,0,0,0,0,251,279,163,195,245,245,0,0,178,180,0,0,155,161,235,243,252,256,260,264,254,254,221,221
S68,Atl_Shin_2_2017,119,127,179,247,174,176,164,216,309,357,236,238,316,364,168,168,263,299,167,191,271,277,268,292,180,186,211,213,161,161,0,0,252,260,260,264,254,254,215,249
S69,Atl_Shin_2_2017,117,137,211,271,180,180,180,188,309,337,240,250,316,344,172,176,259,289,163,223,265,271,284,292,186,188,0,0,161,161,0,0,256,264,256,260,250,274,213,253
S74,Atl_Shin_2_2017,117,129,179,187,0,0,0,0,309,317,242,250,316,324,156,168,0,0,0,0,0,0,292,304,182,196,211,217,161,163,0,0,0,0,256,260,250,286,221,255
S75,Atl_Shin_2_2017,117,123,215,235,0,0,180,180,265,265,232,240,272,336,168,168,0,0,187,195,259,265,0,0,180,184,213,219,161,163,0,0,0,0,260,260,0,0,217,249
S79,Atl_Shin_2_2017,111,121,179,263,160,174,206,220,261,333,236,238,268,340,162,168,255,271,167,191,255,273,0,0,178,196,207,213,161,161,0,0,0,0,256,260,242,298,215,215
S80,Atl_Shin_2_2017,117,131,163,243,166,180,166,186,269,325,236,258,276,332,168,168,247,279,159,159,255,275,276,324,182,186,0,0,161,161,0,0,244,256,256,256,254,286,215,215
S82,Atl_Shin_2_2017,121,143,195,275,166,176,206,216,249,249,230,240,0,0,168,168,247,293,167,183,265,281,256,288,178,182,211,219,161,163,0,0,256,256,260,260,254,266,239,249
S83,Atl_Shin_2_2017,117,117,191,271,174,174,154,170,277,313,234,238,280,320,166,168,271,301,183,195,0,0,236,292,180,180,219,219,161,161,251,251,260,260,256,264,234,270,257,257
S85,Atl_Shin_2_2017,119,143,179,235,178,178,180,186,265,309,238,250,272,316,168,170,0,0,167,191,0,0,288,312,180,184,211,229,161,161,0,0,0,0,260,260,234,286,215,215
S87,Atl_Shin_2_2017,121,125,166,211,174,178,156,200,317,341,0,0,324,348,0,0,0,0,0,0,0,0,276,300,178,188,215,219,161,161,243,243,256,260,256,260,262,306,215,255
S90,Atl_Shin_2_2017,111,125,231,283,178,180,184,206,289,341,238,260,296,348,168,184,0,0,183,191,281,281,0,0,180,186,0,0,161,163,0,0,264,264,260,264,0,0,215,255
S93,Atl_Shin_2_2017,117,139,179,247,176,176,144,154,261,317,238,250,268,324,168,168,271,305,167,187,261,269,276,300,182,188,0,0,156,161,227,235,244,244,256,260,278,278,0,0
S94,Atl_Shin_2_2017,117,123,179,251,0,0,0,0,313,317,234,240,0,0,168,168,0,0,179,195,0,0,276,288,182,184,0,0,156,161,0,0,0,0,256,260,0,0,221,255
S95,Atl_Shin_2_2017,113,117,243,247,176,178,166,210,309,309,236,238,316,316,172,174,247,263,187,243,285,285,280,304,188,190,211,213,161,161,235,243,256,260,256,260,270,270,217,217
S97,Atl_Shin_2_2017,117,143,191,231,160,166,170,184,325,341,236,238,332,348,168,178,0,0,159,171,255,273,268,280,180,182,219,219,155,161,227,235,256,264,256,260,258,262,217,217