"","pop","J42","WF22","PAM27","PAM79","WF16","WF33","WF3","WF517","WF196","WF223","WF421","A441","PAM21","PSY087","PSY022","WF12","WF32"
"70","Atl","111117","231247","174174","166212","238260","320348","164174","281291","167171","255281","300304",NA,"215215","156161","235243","256256","213221"
"71","Atl","117117","207303","160210","154216","236236","292316","162168","215261","167199","245289","276284","182184","213217","163163","219227","256260","215247"
"72","Atl","117157","183203","178178","156170","236236","288300","168178",NA,"167195","261277","300296","182186",NA,"156161","235243","256264",NA
"73","Atl","117121","223259","174174","148190","238240","320276","178176",NA,"187191",NA,"284288","180190","213217","161161","235243","256260","217283"
"74","Atl","111159","187267","160178","178210","236240","328336","176156","265275","191183","251269","296296",NA,"217211","161155","235267","260264","215215"
"75","Atl","115139","231223","174160","168206","236234","316328","168156","251267","167191","261269","284296",NA,"215215","161155","243243","260264",NA
"76","Atl","121115","207199","174174","190226","240258","348300","174176","223245","159227","255267","308320","180188","217219","161155","235243","260260","221211"
"77","Atl","109125","203199","160180","166206","236286","300284","166170","221303","183159","277269","276292","180180","215211","161155","243243","260264",NA
"78","Atl","111117","223175","178176","144180","234234","284308","168170","281267","167211","267257","304276","182180",NA,NA,"235243","260260","211253"
"79","Atl","109123","259239","174160","154156","236234",NA,"168156","281247","195179","245275","296312",NA,"215217","161161","243243","260264","221211"
"80","Atl","117141","223227","174160","192208","238250","272312","170170","271295","167199","257237","284292","190188","219219","161155","235243","256260",NA
"81","Atl","133143","259251","174160","200260","238252","296324","168166","245303","199179","281269",NA,"178178","217219","161161","235243","256260","283273"
"82","Atl","111117","247211","174176","186202","236236","316336","166172","251245","171155","261273","304292",NA,"211219","161161","235243","260264","215207"
"84","Atl","143119","175179","174160","152172","240250","288312","168170","259283","187183","273259","304288","186178","225227","156161","235243","260260",NA
"85","Atl","117119","175191","160178","144172","238262","252280","174168","287287","171199","257279","272280","182178","213213","161161","235267","260264","213205"
"86","Atl","117141","179215","174160","216178","260236","296268","168168","221247","195191","269259","288280","184186","217219","161161","243243","256260",NA
"87","Atl","139123","247215","174160","178182","228230","324324","168170","245297","183203","275259","276292","184188",NA,"161163","235243","260260","213205"
"88","Atl","117117","187235","174182","180184",NA,"288312","176156","281265","191219","263265","312260","186188",NA,"161155","243243","256260",NA
"89","Atl","125123","203195","174206",NA,"238236","252256","174168","245277","167159","257293","288280","184190","215217","161161","235243","260264","221211"
"90","Atl","117139","259175","174160","212182","238240","292360","168156","291271","199195","269271","284292","188192","215217","161161","243243","256256","221211"
"91","Atl","125123","239251","174184","168182","260236","300332",NA,"295279","167183","255263","292268","182180","215213","161163","235243","260264","215255"
"92","Atl","125143","203203","152164","170214","286242","320332","168166","281275","167215","261269","300292","182190",NA,"161163","235243","264264",NA
"93","Atl","117137","227251","174162","208172","260252","320276","172184","275251","167191","267257","304296",NA,"211219","161155","243243","256260",NA
"94","Atl","143147","239279","174174","158188","238238","316352","174168","265295","191215","257275","284292","180188","217217","161155","235243","256260","221211"
"95","Atl","139137","255263",NA,"154150","238236","280352","168168","245253","195187","255281",NA,NA,NA,"161161","243243","256260","215283"
"96","Atl","119147","239171","160178","168168","236242","316308","174168","281247","159203","269257","296288","186186",NA,"161155",NA,"260260","221211"
"97","Atl","117117","183179","160178",NA,"238238","296340","168156","283283","167195","245279","284268",NA,"215219","161163","235235","260260","217217"
"98","Atl","117133","227235","160160","166178","238240","308344","168178","287317","191215","267275","304284",NA,"217219","161161","235235","256260","213215"
"99","Atl","111109","243315","160160","180174","238236","308268","174174","251283","171251",NA,"288280","182184","215215","161157","243243","256260","221257"
"100","Atl","125143","207275","174176","166150","236236","320324","168178","267267","167219","261251","320332","186180","217211","156161","243243","260264","221221"
"101","Atl","125143","207275",NA,"182194","250264","288324","174168","253317","191175","237279","292268","186180","215217","161163","235311","256260","213221"
"39","Atl","121119","199211","174174","182188","238236","296352","168156","271283","191159","277251","292280","180188",NA,"156161","235243","260260","217217"
"40","Atl","117125","183283","174160","148200","236250","308312","168168","275275","187187",NA,NA,"184190",NA,"161161","235235","256256",NA
"43","Atl","117119","207287",NA,"180182","236236","268256","168166","271263","215175","275259","292268",NA,NA,"156161","235243","260260","285285"
"44","Atl","117117","175243","178178","180182","240230","312340","168172","215271","155243","289265","280268","186178",NA,"156161",NA,"260260",NA
"45","Atl","117129","223239","160160","180184","238234","268340","168168","247247","195175","255275",NA,NA,"211211","161155","235243","260264",NA
"46","Atl","117131","183199","174174","166168","240264","300332","174172","281307","167211","245285","300292","184186","213217","161155","235243","260260",NA
"47","Atl","121125","187251","174162","212170","238242","320344","168168",NA,"183231","269265","300284",NA,"213217","161161","235243","256260","217217"
"48","Atl","111117","303307","160180","166182","238240","320252","168166","283283","167183","269275","304280",NA,NA,"161155","235243","256260","213217"
"49","Atl","157143","231259","160182","180158","238238","316380","168166","275271","171187",NA,"296280",NA,NA,"161161","243227","256264",NA
"51","Atl","111111","231175","160176","184194","236256","320252","168172","295239","167251","281267","296280",NA,"215219","156161","235247","260260",NA
"52","Atl","117133","263275","174160","158218","238250","316316","168168","247247","167207","259259","300292",NA,"215211","156161","243243","256260",NA
"53","Atl","111115","255219","174176","170190","240286","348316","164158","281265","187207","273265","288292","190188","213217","156161","243267","260260",NA
"54","Atl","117143","227255","160184","156188","238250","316272","168172","291247","159231","255277",NA,NA,"217219","156161","235235","256264",NA
"55","Atl","115123","251235",NA,"180184","238236","316336","174162","263263","167183",NA,"292268",NA,"211211","161161","243243","256260",NA
"56","Atl","117143","231239","178200","144172","238236","340364","174168","215251","167187","277273","308292","182188","217217","156161","235243","256264","215215"
"57","Atl","117117","223215","174178","168168","240258","300312","170158","243299","167175","273259","296228","182184","215219","161163","235243","260260",NA
"58","Atl","117121","247227","160160","182214","240286","328296","168156",NA,"167175","277269","288288","188188","217225","161161","235243","260260","215217"
"59","Atl","117143","247279","174200","180188","236236","284380","168168","261257","199183","277269","300280",NA,NA,"161163","227319","260260",NA
"60","Atl","117109","235195","174176","154168","238234","324376","168168","277243","187211","277265","304244","182186","217211","161163","235243","260264",NA
"61","Atl","139133","243287","178170","180198","238252","320316","178166",NA,"171159","261275","284296","182188","217219","161161","235243","260264","215249"
"62","Atl","117125","231251","174178","166182","236234","344360","168158","271295","159215",NA,"312280","182196","215219","161161","235243","260260","215255"
"63","Atl","117125","227195","174178","206158","236258","324332","174168","247279","167183","255287","296280","182184","217217","161163","235267","260260",NA
"64","Atl","117121","207243","174160","166188","262256","300340","156170","279313","167179","255275","284288","180196","217217","161155","243319","256256",NA
"65","Atl","117117","187179",NA,"190188","258264","320272","174168","261247","167187","267267","296288",NA,"211219","161161","235295","256260",NA
"67","Atl","111139","227251","178178","192208","236234","316272","168172","261279","167175","269253","284292",NA,"211211","161163","235227","264264",NA
"68","Atl","111123","187275",NA,"170182","238238","320340","174172",NA,"187215","289259","284268","180180",NA,"156161","235267","256260",NA
"69","Atl","117125","231263","174160","202220","238236","272264","168170","271243","167171","269265","320292","182180","215217","161161","235235","260264",NA
"192","Atl","117117","239243",NA,"180186","238260","280304","168178","267245","167207",NA,"296292","182184","217219","156161","227227",NA,"215217"
"193","Atl","117121","179171","174158","260194","238258","320384","164166","283243","159179","273265","284312","196176","217217","156161","235243","256256","215215"
"194","Atl","117117","231227","178176","178182","236242","328280","168156","245271","167159","267259","300288","188178","217217","156161","235235","256260","215291"
"195","Atl","117125","223239","160160","200150","238236","272312","168166","291247","187183","281269",NA,"182186","217217","156161",NA,"256260","211291"
"196","Atl","117119","227255","182166","154178","236234","320340",NA,"261269","195187","269275","284280","182188","211219","161161","235243","256260","221217"
"198","Atl","121123","247179","178178","180204","238236","348292","168168","245283","167159","277275",NA,NA,NA,"161161","243243","260260","221215"
"206","Atl","117121","231243","174166","216182","236250","288300","168166","281239","191191","261265","292280","184190","217221","161161","235243","260260","215291"
"207","Atl","139148","259155","178202","202240","236236","284296","174168","247255","163223","281267","276292","186190","227209","161155","235243","256260","217251"
"208","Atl","121143","183195","174174",NA,"260236","320268","168176",NA,"195187","255269",NA,"180188","213219","161155","235243","260264","221221"
"224","Atl","117147","259251","174178","216190","238258","252332","162158","303317","183227","255279","296280","180188","211211","161163","235335","260264","217217"
"225","Atl","115133","227179","160176","188194","238250","300312","162162","291261","187179","261273","292272","186192","211211","161157","235243","256260","217217"
"226","Atl","121125","183223","178176","154208","238236","348304","174168","291287","183203","255275",NA,"182180","219219","156161","243243","256260","215217"
"227","Atl","117119","267251","178188","172184","238234","316328","174168","275235","187187","259259","304288","186178","213217","161161","243243","260264","217211"
"228","Atl","117121","191283",NA,"158198","238238","320288","162168","303243",NA,"261277","288264","180188",NA,"156161","243243",NA,"217181"
"229","Atl","137129","239227","160180","178182","236230","328268","168176","247243","167203","267285",NA,"182188","215219","161161",NA,"260260","213215"
"230","Atl","139125","259171","174160","190168","236240","320248","168172","275235","167191","289277","284292","180190","217211","156161","243243","256260","217177"
"231","Atl","117117","207239","160204","180218","260250","328296","168168","247279","167199","257275",NA,"180200","217219","156161","235243","256260","215215"
"232","Atl","117125","215235","178178","216170","238236","332340","174162","303243","195195","281267","296244","184178","215217","161165",NA,"256260","213213"
"233","Atl","109143","231159","174174","182220",NA,"320360","168168","245287","195187","255269","276272","182180","213219","161161","235243","260264","221217"
"234","Atl","111109","187235",NA,"212188","234246","320320","168172","215247","167179","277263","288292","184186","213219","156161","243247","256264","215215"
"235","Atl","121119","247263","160178","158220","238236","308248","156166","287287","167187","257279","296292","182190","211225","156161","235243","256260","215215"
"236","Atl","117137","175239","174160","172158","238226","268332","166172","265287","187183","255279",NA,"182180","215211","156161","243243","256256","213289"
"237","Atl","117137","199243","160208","144180","236250","272260","156170","247255","167167","255269","296280","186190","211219","161161","235243","260260","251177"
"239","Atl","139143","183183","174178","212206","236236","360248","174162","271283","171195","269257","296280","188192","215217","163165","235243","260260","221221"
"240","Atl","111117","231191","160180","156170","236258",NA,"168158","283243","199191","269263","292312","180188","219219","156161","235243","260264","215215"
"176","Atl","117117","207175","174176",NA,"286250","316280","162176","251287","191207","275279",NA,"182188","215213","156161","235243","256264","217217"
"178","Atl","115153","243195","164162","192208",NA,"320336","162162","291255","199163","245283","292280","182188","217211","156161","243319","256260","217217"
"180","Atl","117137","267219","160166","208184","238240","320360","168166","247279","195223","289261","292280","180188","215217","161161","243243","260264","215283"
"181","Atl","117109","203187","174176","172198","234264","320344",NA,"279279","187191","277259",NA,"182182","215219","161161","243243","256260","283291"
"182","Atl","117117","183203",NA,"168168","240286","272252","174176","291247","187187","257273","288268","182196","217219","161163",NA,"260264","213217"
"183","Atl","133119","287271","180208","184158","236240","292276","174168","219219","187183","261257",NA,"188188","215217","161161",NA,"256256","215215"
"184","Atl","121121","227251","174180","172182","240286","280340","168170","275247","167199","289261","300284","190188","215213","156161","235243","256260","283255"
"187","Atl","111137","183243","160160","182160","236236","320348","164172","215219","167183","261261","284292","182184","217219","156161","235267","256260","217283"
"188","Atl","117123","247211",NA,NA,"238252","296252","168170","283235","191191","273265","296296","180200",NA,"161161","235267","256264","213213"
"199","Atl","127131","247239","180166","170186","236264","312340","168172","267299","167183","269257","304284","182184","215217","156161","243243","256260","221215"
"200","Atl","117127","215235","180180","170214","240252","296324","162166","275287","159243","255267","292236","190178","217219","156161","243243","256260","217283"
"201","Atl","111117","251255","174174","182188","236240",NA,"168168","243255","167171",NA,NA,"182196","217211","156161","235243","260260","215257"
"202","Atl","125143","231247","160206","178214","238260","340364","168172","283255","167183","275265","320272","186196","217193","156161","235235","256260","283181"
"203","Atl","117137","267171","174174","154180","240264","344344","168198","283273","167251","255293","288236","182184","217217","156161",NA,"260264","249251"
"204","Atl","115119","239227","174176","168180","238236","284272","168168",NA,"187183","277263","300316","182186",NA,"156161","243243","260260","283285"
"205","Atl","117131","251271","174160","144198","238236","316304","168158","291261","199199","281261",NA,"196194","215215","161161","243227","260260","215207"
"210","Atl","109123","211243","160188","178180","238236","336268","168168","283279","191211","281263","288236","182190","211211","161155","235243","260260","283211"
"211","Atl","117177","211211","178182",NA,"238230","280340","174168","287263","167167","261269",NA,"188188",NA,"161155","243243","260264","217283"
"212","Atl","117125","247239","174160","206222","252254","316268","168168","215243","191175","267271","276288",NA,"211219","161163","235267","256256","217217"
"213","Atl","117131","179195","174174","148180","260250","348276","168168","247295","171187",NA,NA,"182196","215215","161161","235243","256260","221283"
"214","Atl","117147","243235","160166","182184","238234","320328","168158","265283","183243","267275",NA,"184194","211219","161161","235243","260260","257291"
"215","Atl","117117","259191","174188","208188","240234","352340","168158","259259","167187",NA,NA,NA,"217209","161161","243243","256264","221283"
"217","Atl","117121","191263",NA,"190190","236236","320320","168166","261247",NA,"267263","292292","184188",NA,"161161","243243",NA,"217217"
"218","Atl","111121","175215",NA,"166192","238236","300328","168170","215277","171191","255277","300276","186226","215211","161155",NA,NA,"221221"
"219","Atl","117161","235263","174180","216178","238236","348340","174170","291291","187243","269259","292332","182182","213217","161161","243243","256256","217217"
"220","Atl","117121","251315","160164","208182","238236","300324","168168","263299","191211","277269","296292","188188","213217","161155","243243","260268","211255"
"221","Atl","133119","207223","174176","180182","238258","340264","168172","271299","167199","269267","292280","188188","213219","161161","235235","260264","217217"
"222","Atl","115119","259227","160212","186186","260236","276356","168166","265263","183175",NA,NA,"182188","217217","156161","243243","260260","257285"
"223","Atl","111125","247295","180182","188150","238238","316328","168176","281251","159223","255263","284316","186188","215225","161163","235227","256264","215215"
"241","Atl","111121","183223","174210","148184","238224","296268","156170","245299","195159","269259","304280","184188","213211","156161","243267","260264","249249"
"242","Atl","117115","239235","174160","212188","236250",NA,"174168","317257","187159","261285","284296","182186","213217","156161",NA,"256260","217217"
"245","Atl","139119","183191","174190","154210","238258",NA,NA,"245271","187159","275275","276296","188176","217217","156161",NA,"260264","215217"
"246","Atl","117117","247227","174180","178194","236268","316280","168172","263219","195187","273279",NA,"188178","217225","161161","243243","264264","221217"
"247","Atl","125125","259255","178182","168150","260236","320252","178172","247283","167171","281277","288256","184188","215217","156161","235243","256260","217251"
"249","Atl","121125","223227","174188","190208","238240","328252","178166","291291","191159","281261","304292","182188","211219","156161","243243","256264","213213"
"251","Atl","111117","211271","174160","156182","238258","328312","164174","261287","191163","259283","300280","188188","217211","156161","235243","256256","221221"
"252","Atl","125135","243215","160182","192158","246266","272344","168166","245271","195207","261317","292280","186180","219219","161161","235227","256260","213221"
"253","Atl","117117","223243","160178","208158","234286","284332","168168","279243","183159","277273","280268",NA,"215219","161163","243319","264264","213255"
"255","Atl","111109","207207","174178","166216","238238","332304",NA,"263255","195191","259271","280252","190178","217211","161161","235243","256260","213251"
"257","Atl","117137","207207","174166","182182","240244","320344",NA,"245263","159179","275259","304280","186180","211219","156161","235243","256260","217217"
"258","Atl","117117","183227","160178","182198","240250","252356",NA,"215283","243243","281273","288252","184186","211219","156161","235243","268272","215251"
"259","Atl","117135","239235","166166","178220","236258","324332","168186","275317","171163","267265","280268","190196","211221","156161","235235",NA,"213221"
"260","Atl","117117","247203","160182","212156","240258","320280","156170","247249","179203","275283","284296","186188","213217","161161","251259",NA,"213217"
"261","Atl","139137","183191","178176","182222","236234","296360",NA,"245249","199183","289289","292280","188188",NA,"161161","235243",NA,"217283"
"262","Atl","117119","203179","176188","168182","260250","320264","168170","271271","183159","281277",NA,"182184","211219","161157","235235","256256","215215"
"263","Atl","143137","247243",NA,"210182","260236","300332","174172",NA,"187251","269283","308280","182180","215211","156161","235243","260260","221217"
"264","Atl","117117","183239","174160","182182","236286","316280","168168","287279","167167","277275","312272",NA,"215217","161161","235243","260260","217211"
"265","Atl","133133","243255","174160","182176","238236","276324","168168","245243","167235","255251","304260","180188","219225","156161","243243","256260","215289"
"266","Atl","157147","259255",NA,NA,"236236","300312","168166","275219","199243","263265","304280","190178","217225","156161","235243","260260","221249"
"267","Atl","133119","207195",NA,"156168","236236","336332","168172","243235","187187","261261","288268","184180","217217","161157","235243","260264","221283"
"268","Atl","121125","187187","174188","220176","258230","272296","174170","281279","195187","261273","284288","180188","217219","161161","235235","260260","217179"
"277","Atl","117109","183195","160180","150150","238238","332304","168168","291261","195191","255257","284288","182180","217211","161155","243243","260260","215249"
"332","Atl","117147","247207","174166","186188","238240","316288","168168","287219","199183","245271","296280","182190","211211","156161",NA,"264264","215217"
"278","Atl","117119","223271","174178","184174","240258","340340","164162","247247","191235","269297","280280","184180","215211","161161","235243","256260","221215"
"279","Atl","139129","247195","178176","148158","236236","328280","168172","291247","199183","261273","276280","182180","217219","156161","243243","260264","217217"
"280","Atl","111119","243219","174160","166188","260250","316328","168168","221255","183179","281267",NA,"186158","213211","161161","243243","260264","217217"
"281","Atl","125119","267251","174188","210220","236234","292284","168166","251263","167191","285253","296280","190196","219229","156161","235227","256264","215291"
"282","Atl","117133","247191","174188","184218","238236","328352",NA,"245257","203247","269259",NA,"182190","211219","156161","235173","256260","213215"
"283","Atl","117109","223267","174174","156208","236234","300312",NA,"261283","167215","273279","292280","190190","217219","156161","235243","256260","221221"
"284","Atl","125119","183239","160160","212190","236236","296296",NA,"245243","183163","261253","272268","182188","215211","161161","235243","256260","221221"
"285","Atl","121139","187211","178178","148214","236240","320344",NA,"267219","167187","255273",NA,"180176","215211","161161","243243","260260","215283"
"286","Atl","117121","223215","160182","166168","238236","332340","168156","251287","235215","261265",NA,"182186","217217","161163","243227","260264","215217"
"289","Atl","119135","183255","174166","156210","238234","320328","168172","263219","183159","259263","296272","182180","219219","156161","243243","260260","221221"
"290","Atl","117139","251243","174160","190186","238260","360352","168172","291267","199183","257263","296292",NA,"211211","156161","235243","260260","215215"
"291","Atl","133148","231263","184188","156180","238250","348332",NA,"281299",NA,"253283","288280","184186","219219","156161","235243","260264","217283"
"292","Atl","117143","243179","178166","172182","238256",NA,NA,"251245","159223","277279","292272","188194","215217","163163","235235",NA,"215215"
"293","Atl","147135","259251","174208","190214","238230",NA,NA,"291245","191163","281261","280268","182186","217211","161155","243243","256260","213213"
"294","Atl","111111","251195","178166","192174","240234","352340","168168","251295","199175","281265","296268","180188","215211","161155","235243","260260","215217"
"296","Atl","117117","227255","174160","182182","286272","276336","168168","247283","199247","269275","260248","182182","215211","156161","243243","260264","213221"
"297","Atl","125131","231247","174174","180194","238264","316352","168170","245245",NA,"277269","288280","182190","217217","156161","243243","256260","221215"
"298","Atl","117131","227263","180166","188220","236236","320276","168170","281279","171215",NA,"280280","190178","211219","161161","235243","260264","215255"
"302","Atl","117139","235255","160178","190206","236240","296252","168172","221263","191183","255293","292292",NA,"217211","161161","235243","256260","215215"
"303","Atl","143137","247243","180184","210182","260236","300332","174172","251263","187251","269283","308280",NA,"215211","161161","235243","260260","221217"
"304","Atl","115131","215159","160160","208182","234250","348280","168168","287289","191247","267285","292260","182232","217217","161155","235243","256264","249291"
"305","Atl","117119","207183","178176","192192","238236","360332","178166","283255","199199","263285","296312","188200",NA,"161161","235243","260264","217207"
"306","Atl","117121","243219","174178","168158","238236","300268","168170","271269","195159","285297","276268","178200",NA,"161161","235243","256260","221221"
"307","Atl","117109","227255","178178","178150","230242","320280","174168","271289","159159","289267","300296","188188","217209","161161",NA,"256260","215215"
"308","Atl","139131","251255","178178","216208","236258","300276",NA,"267243","187159","257273","292256",NA,NA,"161155","243243","256264","213215"
"310","Atl","117135","183195","178178","170158","240254",NA,"162168","247243","199175","269257","300296","180188","217209","161161","235243","260260","215251"
"311","Atl","117131","195195","160160","180182","236236","280340","168172","275251","167191","271241",NA,"184178","211211","161161",NA,"260260","215215"
"313","Atl","111137","247211","174178","172198","238272","284272","168168","247263","191159","259259","304288","188188","211219","161161",NA,"256260","215249"
"314","Atl","121139","247255","174184","166154","238250","320300","174168","251289","243223","261267",NA,"180190","215207","161161",NA,"256260","213217"
"315","Atl","115119","207223","166208","180186","238240","348272","174168","267243","195159","285285",NA,"182182","219219","161161","235243","256256","215215"
"316","Atl","147145","203263","174160","180158","236286","320300","178172","271255","171195","255257","296288",NA,"217207","161161","235235","256264","215217"
"317","Atl","117143","207267","178176","148178","236250","316272","168172","247283","167187","255263","292280","186178","213219","161161","235243","256260","213221"
"318","Atl","125131","267255","160160","182204","236236","300252","168170","251289","183183",NA,"304296","180188","213211","161161",NA,"280288","213215"
"319","Atl","121121","239235","174180","206150","260240","360332","156166","289301","183159","255269","284320","190196","211211","161161",NA,"256260","215181"
"320","Atl","117109","191235","160166","166204","236280","328364","170170","291279","187187","281275","296288",NA,"217219","161161",NA,"256260","215215"
"321","Atl","111125","247203","164166","200186","238258","328272","174168","281275","183159","267259",NA,"188196","215215","161163","235243","260260","215215"
"322","Atl","117129","183263","178180","182184","238236","276332","168166","283289","183215","261265","276280","180188","215217","161161",NA,"256260","215283"
"323","Atl","125135","259219","176182","154188","236236","328340","168168","247243","167211","255275","276284","180190",NA,"161161","235243","256260","221251"
"243","Atl","121109","263219","178180","178188","238236","316276","168166","281281","195159","255261","300292","182196","211211","161161","235243","260260","221221"
"250","Atl","119119","203219","174160",NA,"236230","336304","170172","275271","191159","261265","284280","190178","215219","156161","243243","260268","215247"
"254","Atl","111117","223263","174166","216214","238260","280304",NA,"243243","171199","281265","288292","182190","211211","161161","235243","256264","221215"
"256","Atl","109135","267239","174160","182184","238230","344280","178170","245277","167195","261269","284260","190188","215213","156161","243243",NA,"221215"
"287","Atl","117129","211191","174176","182220","236228","320360","168186","247299","199243",NA,"288292",NA,"219221","161163","235315","260264","217249"
"288","Atl","139135","247215","160162","158220",NA,"284280","164174","221263","167159","269271","320280","182178","215211","161157","235227","256260","215251"
"295","Atl","139133","183251","174178",NA,"236240","316284","168168","261283","195187","255277","288280",NA,"215217","156161","243267","260264","215285"
"299","Atl","143119","175191","174176","190182","260234","360264","162178","287243","171195",NA,"296288","186226","211211","156161","235235","256256","283283"
"300","Atl","111125","179215","188192","210192","286244","272364","164176","251299","187183",NA,"284280","182226","211219",NA,"243243","260260","217181"
"301","Atl","111117","231223","174182","180130","236240","300352",NA,"271243","171199","281265",NA,NA,"213217","161161","243335","256264","213221"
"309","Atl","111125","223219","174178","148142","238236","252280","176170","275283","195159","257265","292324","182180","211219","161161","243243","256260","215215"
"312","Atl","127137","183251","160188","180180","260236","320320","168166","247279","171199","257257","284292","180188",NA,"161161","235243","256260","249249"
"269","Atl","111143","247243","160160","188220","260236","320328","168168","283255","167183","281273","292280","186186","213217","161161","235243","260260","217177"
"270","Atl","117113","247187","160160","208158","236236","320324","168168","259287","183207","269257","296280","184180","215217","161161","243243","260260","215177"
"271","Atl","117119","183195","174160","216192","234258","316332",NA,"275263","187215","261313","284280","190188","217219","156161","235243","260260","221217"
"272","Atl","111119","251219","174160","182160","238240","348312","174176","271271","183179","281277","284280","180188","217211","161161","235243","256260","217217"
"273","Atl","143119","187195","174176","156188","236230","280268","174168","267259","195183","281261","296292","182200","211211","161163","243243","256260","213213"
"274","Atl","121141","187187","176176","148182","260240","300296","168180","245271",NA,"269257","304280","186180","215211","156161","235243","260260","215253"
"275","Atl","117133","247183","174174","214158","286256","268332","168168","245287","195159","277257","292280","184186","217219","156161","235243","260264","217255"
"276","Atl","117109","247243","174178",NA,"234264","272280","174168","281287",NA,"281275","288292","180188","213213","161161","243243","256260","221221"
"324","Atl","121115","231247","174160","206176","238244","252280",NA,"221247","167195","255269","292280","184186",NA,"156161","235243","260260","217217"
"325","Atl","123119","259239",NA,"166220","260228","320320","168172","247243","251163","255269","300264",NA,"213217","161161","235243","256260","217217"
"326","Atl","117133","187191","178162","156148","238238","320276","168160","283289",NA,"257259","276284","182188","215215","161161",NA,"260260","221291"
"327","Atl","111125","183203",NA,"148192","238230","280360","168176","299301",NA,NA,"292280","180200","211211","161161",NA,"256260","221221"
"328","Atl","117117","231271","174184","192194","238262","252280","168168","263263","187191","261267","296288","180196","217219","161163",NA,"256268","283249"
"329","Atl","117119","283287","174166","166152","238286","316332","174180","271305","187211","237271","284292","182196",NA,"161163",NA,"256260","217217"
"330","Atl","117139","267219",NA,"180192","238250","344340","156184","267279","199191","261285","284292","180188",NA,"161161","235227","256256","215257"
"331","Atl","117115","223219","160160","210162","238286","320352","162168","267317","187163","293305","308320","190190","217219","161161","235243","260264","215215"
"7","Atl","133131","179215","160210","170164","238236","352340","168168","261267","251243","255267","276288","182184",NA,"161155","235227","260260",NA
"9","Atl","117119","191255","174178","182176","238226","328272","168168",NA,NA,"281277","268236","186196","211221","161155","235243","256260",NA
"10","Atl","117121","247183","160176","216178","238258","276296",NA,"261287","171191","263263","292236","182186","215219","161155","243243","260260",NA
"11","Atl","117117","175211","174160","186176","236262","252268","168176","247263","171207","275279","300288","182226",NA,"161155","243243","256264",NA
"12","Atl","111109","259191","176184","170190","238254","320316","174170","291257","195159","289273","288320",NA,"215215","161155","235267","260260",NA
"13","Atl","121127","231231","174182","168206","238236","348276","170170","295283","195183","245247","300252","184196",NA,"161163","235243","256256","221289"
"14","Atl","117125","247195","178212","210188","258244","316312","168178","279307","159215","275233",NA,NA,NA,"161163",NA,"260264","215283"
"15","Atl","117121","211219","160160","210182","236236","348288","162170","283263","183255","281265","292268",NA,NA,"161161","243243","260264",NA
"16","Atl","117131","187243","178178","178184","236236","320272","174166","287277","167187","275285","276296",NA,NA,"156161","243335","260260","217253"
"17","Atl","117125","223235","180176","206184","238240","296340","168156","279219","187191",NA,"288272",NA,NA,"163163","243243","260260",NA
"18","Atl","117115","243195","174174","168182","240258","348252","168178","279307","159215","275233","276288",NA,NA,"161163","243231","256256",NA
"20","Atl","117131","215235","176188","166198","236240","324324","168176","303255","183215","257253","284336","180188","225223","161155","243243",NA,NA
"21","Atl","111123","227179","178176","186188","238236","316352","174168","275263","195183","261267","284296","182180","219219","161161","235243","260264","217209"
"22","Atl","117121","207259","174166","220142","238234","316272","168156","279243","167167","281261",NA,"184180","219219","161163","235243","260260",NA
"23","Atl","117127","239179",NA,"214158","238260","320320","168170","291287","195251","261271","296280",NA,"217211","161161","235243","256260",NA
"25","Atl","117109","227235","182166","158194","234230","328312","168172","275243","167187","289277","308280",NA,"215215","156161","235235",NA,"221217"
"26","Atl","117131","187267","180180","180182","238236","320272","162170","251267","187155","269237","304292",NA,"215217","156161","235243","256264","215215"
"27","Atl","121133","247227","174174","186176","260286","280280","168176","247287","195195","279271","284268","190198",NA,"156161","235243","260264","215283"
"28","Atl","115119","183251","174180","156208","238250","324344",NA,"283243","167195","269257","292316","184188","215219","156161",NA,"256260","257219"
"31","Atl","117119","207291","160180","156204","238240","316304",NA,"247283","187191","255271","276232","184186","217217","161155","235243","256264",NA
"33","Atl","117137","279163","178184","192182","236236","316324","168168",NA,NA,"261257","288280","184188",NA,"161163","243315","256260","217283"
"34","Atl","117125","179163","160160","148194","236236","296302","174162","291283","191219","259285","300292",NA,"215215","161161","235243","260264","221291"
"35","Atl","133135","191263","174180","154168","260250","308248","176166","291261","167215","275275","300292",NA,"215215","156161","235243","260260",NA
"36","Atl","139119","231159","174178","184224","238240","280360","168168","291287","187163","269257","268316",NA,"211211","156161","235243","260264","283275"
"37","Atl","109127","231211","176172","178206","238228","268332","168192","271283","167195","261261","300292",NA,NA,"156161","235243","260264",NA
"38","Atl","133137","227235","174212","190178","236250","324280","174168","267255","167195","281285","296292",NA,"215219","161161","235243","260260",NA
"102","Atl","117137","247183","174174","154216","260244","288344","168170","275251","167243","261273","296292","184188","211219","156161","235243","260260","283251"
"105","Atl","117133","203219","174160","168188","258250",NA,"168168","215271","171159","261273",NA,"184180","215219","156161","235243","256264","215283"
"106","Atl","117131","247255","174182","182174","234250","288324","168158","271243","159223","245257","284288","188200",NA,"161155","243247","256260","249249"
"107","Atl","117135","183187","174178","202204","238236","284364","168158","281245","195191","259259","284288","196194","217219","161155","243243","256260","215291"
"108","Atl","117117","247251","176182","178176","236250","344340","168168","259285","167187","289261",NA,"182194","215215","161155","243243","256260","213251"
"110","Atl","109119","227227","182188","212188","238236","292356","168168","263263","167195","257275",NA,"186188",NA,"161165",NA,"256260","217217"
"111","Atl","141143","231179","178176","144182","236234","300336","168166","291241","195191","255265","284308","180188","217219","161161","243243","256260","217285"
"112","Atl","123131","243219","178166","156184","236234","276344","168156","291291","187211","269253",NA,NA,"211219","161155",NA,"260260","215215"
"124","Atl","117157","259315","160180","182198","236236","284252","168188","261271","191191",NA,"304272","188188","215211","161163","235243","256260","217217"
"125","Atl","117117","211319","160160","186184","238238","312312","168168","287263","195183","255257","300308","182178","215211","161161","243243","256260","215211"
"127","Atl","143147","247191","160178","154188","238264","308352","168170","275247","191183","275263","300300","182184","217217","161161",NA,"264264","215217"
"129","Atl","117119","207215","174160","190158","236258","268332","168176","245243","167167","273273","272280","182180",NA,"161161","243247","260264","215217"
"130","Atl","139131","235219","174178","212186","250232",NA,"168172","287219","191159","269275",NA,"178196",NA,"156161","235319","260260","213215"
"131","Atl","115109","207211","176188","180188","238236","316304","168168","245313","187223",NA,NA,"184188","211211","161163","243243","264268","215215"
"132","Atl","111125","247227","160160","170210","236236","328332","162168","245249","171187",NA,"296296",NA,"215211","161161","235243","260260","221217"
"134","Atl","117117","259211","174176","190180","240256","320280","164176","245295","187187","261285","296280","182186","217211","161161","235243","256260","213213"
"135","Atl","127127","199163","160206","188174","240276",NA,"168158","265265","199183","261257","296280","186200","219225","156161","243243","256260","215251"
"136","Atl","117139","195195","174160","212182","236236","344280","166170","215275","167243","267259","280252","184192","213219","161161","235235","256260","217217"
"137","Atl","111125","211295","160178","182150","238234","344340","172172","265265","167235","267253",NA,"186178","215217","161163",NA,"260264","221221"
"140","Atl","117157","199191","174172","188204","236240","312344","168172","275279","167163","259279",NA,"182182","217219","161161","243243","260260","217217"
"143","Atl","117129","247251","174182","190192","236240","316336","168168","215251",NA,"269273","288280","184188",NA,"161161","235243","260260","217217"
"145","Atl","157139","303243","174162","178214","240228","320296","168176","287243","195187","265293","296288","184200","211209","161161",NA,"256260","213215"
"146","Atl","127131","247287","160176","186162","236252","312332","174168","281271","159231","273253","300296","180188","215219","156161",NA,"260264","221291"
"147","Atl","117109","231231","160184","212154","238260","332304","168168","221259","191183","255261","284296","182188",NA,"161161","235243","256256","215283"
"152","Atl","117117","231255","176156","154184","234258","316324","174156","287279","187215","251275","292280","184178","215217","161161","243243","256260","213215"
"155","Atl","119119","187271","174160","168220","236236","352340","168168","263243","187215","255269","296280","190188","213219","161161","243243","256260","221221"
"156","Atl","117121","247211",NA,"158158","240234","336272","178166","263299","167187","261267","296280","184188","215211","161161","235235",NA,"215181"
"157","Atl","117139","243243","174178","156186","236236","300328","168158","261287","159215","255271","284308","184188","211211","161161","235243","260260","221289"
"164","Atl","111109","183223","174174","156156","236236","316332","156166","243299","159251","261237",NA,"182182","211219","156161","235235","260260","215249"
"165","Atl","117141","259251","174178","182214","260236",NA,"164170","215287",NA,"261273",NA,NA,"217219","161161","235243","260260","213221"
"166","Atl","111133","203259","160164","172176","238238","268332","168172","215269",NA,"293271","284292","182186",NA,"161155",NA,"260260","215215"
"167","Atl","125119","247247","160188","220164","236234","276252","168168",NA,"191211","257275","300284","184188","215211","161163","235243","260264","215217"
"168","Atl","121135","227227","210178","180158","236234","332364",NA,"271243","191183",NA,NA,"182182","211211","156161",NA,"256260","213251"
"S1","Atl","117117","251243",NA,"182182","236246","300340","168176","267271","167167","277269",NA,"186192","215217","161161","235335","256256","217217"
"S25","Atl","117117","247251","174174","180186","238238","296296","168166","263263","159203","255265","296288","186196","215215","161161",NA,"256260","251251"
"S27","Atl","111111","231251","174176","194160","238250","328268","168168","275279","167171","255285","288280",NA,"217207","161161",NA,"256256","213215"
"S28","Atl","139119","231227","176188","172196","260252","316308","168178","247283","195163","245253","300288","182178",NA,"161163","235243",NA,"215211"
"S29","Atl","117121","179263",NA,"204222","238238",NA,"164174","259255","167183","281269","308292","184186","217219",NA,"235243","256256","221255"
"S30","Atl","117131","259251","160166",NA,"238240","328312","168168","275287","199195","281299","324328","184184",NA,"161163","243267","256264","217285"
"S31","Atl","117131","259251","178182",NA,"240258","328312","168168","271283",NA,"289285",NA,"180180",NA,"161163","243267","256264","217285"
"S36","Atl","111117","219166","174182","174220","236236","320284","174162","247217","211243","269273","292328","190190",NA,"156161",NA,"264264","215215"
"S40","Atl","117135","183271","160162",NA,"236240","296332","162168","283313","167187","255269","288292","184188",NA,"161161",NA,"256260","217217"
"S41","Atl","117139","259243",NA,"156160","236258",NA,"174168","267305","199191","255263","296296","180180",NA,"156161",NA,"256260","215255"
"S42","Atl","115133","183191",NA,"208186","236234","328312","162172","283301","167159","277269","280280","182226","217217","161161","235243","256264","213217"
"S47","Atl","117133","183163","174182","154182","236236","276312","168158","271243","195191","269265",NA,"180188","213217","156161",NA,"260264","217179"
"S51","Atl","139119","187187","174174","156150","236286","300356","168158","275263","195159","269267","300288","184188","215219","161161",NA,"256264","221215"
"S53","Atl","117137","183243",NA,"212180","236254","328296","168168","271255","199183","245279","280328","182186","213217","156161","243243","256264",NA
"S55","Atl","109135","183195","174160","182182","260236","312340","174156","247301","211179","275279","304276","182184","211211","161161",NA,"260260","217251"
"S60","Atl","117147","207179","178176",NA,"238240",NA,"162168","251217",NA,"281261","288292","182190","217211","161163","235243","256260","249219"
"S64","Atl","119119","183191","174188","178208","236230","332340","174194","247279",NA,"251259","292280","188188",NA,"161163",NA,"256264","217291"
"S66","Atl","117125","183215","174176","216180","264280","320272","168156","283301","195187","277269","292268","182182","215217","161161","235243","256260","221291"
"S76","Atl","117121","231235","174162","154184","240234","272252","168168",NA,"187191","245259",NA,"182182","217219","161161",NA,"260260","221247"
"103","Atl","111109","251243","160178","180208","238230","252364","162168","215253","167187","261257","292280",NA,"215219","161161","243243","260264","217209"
"104","Atl","111117","227215","174178","208182","236234","300340","174172","247279","187191","267257","300296","182182","217211","161161","235235","260260","215215"
"114","Atl","117117","251211","174174","170182","240240","320292","168156","261247","191163",NA,NA,"190188","217225","161161","243319","256256","215215"
"115","Atl","119119","247183","210176","176254","238260","348316","168168","313313","187183",NA,"300292",NA,"213211","161161","235243","260260","217217"
"116","Atl","117147","179319","178182","170206","238242","292268","168172","253263","167191",NA,"296296","182180",NA,"161161","235235","264264","215217"
"118","Atl","117139","223227","178182","192194","236250","324360","174174","215247","191183","255257","280280","182182",NA,"161155","235243","260260","217217"
"119","Atl","117145",NA,"174166","178204","238252","316340","168168","275263","251223","245277",NA,"182182","217219","161155","235243","256260",NA
"120","Atl","133131","207267","174166","186182","234230","300328","174194","261267","187215","257283","288328","186180","215219","161155","235243","256260","217217"
"121","Atl","117117",NA,"160160","214174","234230","292332","168178","287279","195191","245231","280252","184186","219219","161161","235243","260260","215283"
"148","Atl","121119","251283","174178","210192","236236","320316","168158","275267","187251","261253",NA,"184198","211211","156161",NA,"256256","215249"
"149","Atl","117119","239255","174182","182194","238236","292268","168168","287269","187183","261267","280268","182180","217219","161161",NA,NA,"213217"
"151","Atl","117143","231311","174176","212210","238236","308352","168170","283307",NA,"269241","292292","186188",NA,"161161",NA,"260264","213217"
"153","Atl","139109","259287","160182","214214","260240","328352","174166","275267","191183","255255","288280","182188","211219",NA,NA,"260260","217291"
"154","Atl","117131","187179","174174","154186","238238","324252","168168","247243","171195","263265","284252","186190",NA,NA,"243247","256264","215217"
"162","Atl","117123","247251",NA,"190178","250246","284296","164172","215261","199179","277259",NA,"184188","215217","156161","243243","260260","221215"
"163","Atl","111111","203251","160166",NA,"236236","316324","168168","291261","195207","275275","288280","182188",NA,"161161","235235","256260","221215"
"169","Atl","117117","247191","174160","180208","236236","328272","168178","215275","191207",NA,"288272","182188","215211","161161","243335","256260","291291"
"170","Atl","115115","227195","174174","190188","238236","328340","162168","263263","167195","269257","272280","180188","217219","161163",NA,"256260",NA
"171","Atl","121133",NA,"174182","180208","236234","320340","162158","215251","195187","251273","276288","184194","219219","161161","235243","256260","221253"
"172","Atl","117121","259255","160178","182182","238240","312368","168178","283299","183159",NA,"304296",NA,NA,"161163","235267","256260","257291"
"S100","Atl","117119","259219","174178","166190","238236","296372","174168",NA,"171191","255275","288316","180190","217211","161163","243243","256256","217217"
"S101","Atl","117145","247243","174178","198224","238238","364388","168172","259243","171191","255275","288316","178196","213219","161163",NA,"260264",NA
"S11","Atl","117143","227227",NA,NA,"238286","320312","174162","271217","167199","255261","292312","182186","217211","161161",NA,"256260","215211"
"S12","Atl","111117","183223","160176","176176","238236","348312","168170","279263","199211","275243","276268",NA,NA,"161163",NA,"256260","221221"
"S13","Atl","125125","231239","174176","200174","236252","328324","168158","247279","167167","257253","284288","184190",NA,"161161","235243","260264","215251"
"S14","Atl","125133","183179","166166","154198","236256","316352","168166","259289","171191","277269","300288","186180","211211","156161",NA,"256260","251251"
"S15","Atl","111123","183227","178176","188188","238236","364260",NA,"251255","183159","269285","288268","180196",NA,"161161","235243","260260","217217"
"S19","Atl","141119","259299","174170","182182","240240","300340",NA,"247279","183251","257285","276308","186188","217209","156161",NA,"260260","221221"
"S20","Atl","117139","231267","174178","172182","260234","320280","164168",NA,"199159","289277","292264","180188","215225","161161","243243","256264",NA
"S21","Atl","117143","243255",NA,"158194","236286","348332","168176","275247","167211","261275",NA,"184188",NA,"161163","243243","260260","221221"
"S22","Atl","139125","203259","174160","180222","236240","320356","174172","263263","167191","267241","308272","182188","213219","161161",NA,"260260","211291"
"S26","Atl","117121","235255","174160","144144","238236","312324","174170","251217","187223","269259","308280","180188","211211","161163",NA,"260260","221217"
"S38","Atl","117121","183199","174174","182204","240256","252332","168168","259289","211211",NA,"292272","196196",NA,"156161","235227","256264","217217"
"S4","Atl","123137","195263","176182","180192","240250","320256","168176","271289",NA,"269275","304312","190188","215211","161161","251259","264264","215215"
"S44","Atl","117135","183255","174188","182220","238236","328336","162166","279305","167183","257263",NA,"182188",NA,"161161",NA,"256256","215215"
"S45","Atl","117125","223219","160164","188222","238236","300328","168176","247301","187159","257263","288292","182196","211211","161161",NA,NA,"215285"
"S46","Atl","119145","231247","174176","166166","258254","280264","162176","265279","203203","269285","288292","180180","211211","161157",NA,"260260","211249"
"S52","Atl","117147","223195","174162","144182","236240","288328","168158","259279","167187","265329","288292","178196","215211","161163",NA,"256260","215249"
"S58","Atl","117121","179255","174160","192182","238260","312340","174156",NA,"211179","275279","304276","182186","217211","156161",NA,"260264","217251"
"S6","Atl","117125","183179","178180","180186","258262","320336","172172","251267","167187","245277","304284","190192",NA,"161161",NA,"260264","211253"
"S61","Atl","125119","207283","152164","170168","236240","320332","174168","251263","195163","257237",NA,"188188","215211","156161","235243","260264","217249"
"S62","Atl","117119","207191","174178","180188","236250","320252","176166","271257","187187","269275","284292","188188","213225","156161","235243","260264","217291"
"S67","Atl","117139","251191","174174","190182","258286",NA,NA,"251279","195163","245245",NA,"180178",NA,"161155","235243","260264","221221"
"S68","Atl","127119","247179","174176","216164","238236","316364","168168","263299","167191","277271","292268","186180","213211","161161",NA,"260264","215249"
"S69","Atl","117137","211271","180180","180188","240250","316344","176172","259289","163223","265271","284292","186188",NA,"161161",NA,"256260","213253"
"S75","Atl","117123","215235",NA,"180180","240232","336272","168168",NA,"195187","259265",NA,"184180","213219","161163",NA,"260260","217249"
"S79","Atl","111121","179263","174160","206220","238236","268340","162168","271255","167191","255273",NA,"178196","213207","161161",NA,"256260","215215"
"S80","Atl","117131","243163","180166","166186","236258","276332","168168","247279","159159","255275","276324","182186",NA,"161161",NA,"256256","215215"
"S82","Atl","121143","195275","176166","216206","240230",NA,"168168","247293","167183","281265","288256","182178","211219","161163",NA,"260260","249239"
"S83","Atl","117117","191271","174174","154170","238234","320280","168166","271301","195183",NA,"292236","180180","219219","161161","251251","256264","257257"
"S85","Atl","143119","179235","178178","180186","238250","316272","168170",NA,"167191",NA,"288312","184180","211229","161161",NA,"260260","215215"
"S90","Atl","111125","231283","178180","206184","238260","348296","168184",NA,"191183","281281",NA,"186180",NA,"161163",NA,"260264","215255"
"S93","Atl","117139","247179","176176","154144","238250","324268","168168","271305","167187","261269","300276","182188",NA,"156161","235227","256260",NA
"S95","Atl","117113","247243","178176","166210","238236","316316","174172","247263","187243","285285","304280","190188","213211","161161","235243","256260","217217"
"S97","Atl","117143","231191","160166","170184","238236","348332","168178",NA,"171159","255273","280268","182180","219219","161155","235227","256260","217217"
