"","GRP","LOCUS","N_ALLELES","EVENNESS","Ho","Hs","Ht","Fis","SHANNON_IDX","SIMPSON_IDX","STODD_TAYLOR_IDX"
"1","Atl","J42",26,0.551473115668409,0.8657,0.8654,0.8654,-3e-04,2.52816775069356,0.864107819113388,7.35877512212714
"2","Atl","WF22",42,0.846395208788123,0.9488,0.9604,0.9604,0.0121,3.35389623756178,0.95896991580781,24.3723604201216
"3","Atl","PAM27",25,0.639090946058897,0.7967,0.831,0.831,0.0413,2.15387484130729,0.829604944907283,5.86871490757681
"4","Atl","PAM79",46,0.762960444544388,0.9279,0.9601,0.9601,0.0335,3.44370164035345,0.958540108686039,24.1196966105712
"5","Atl","WF16",26,0.595802669980877,0.8429,0.8382,0.8382,-0.0056,2.26339290380175,0.836953843064594,6.13323256920536
"6","Atl","WF33",37,0.82611589868543,0.9528,0.9538,0.9538,0.001,3.22585284833866,0.952315968513904,20.9713811696392
"7","Atl","WF3",19,0.506239235800738,0.7695,0.7593,0.7593,-0.0134,1.97263531720109,0.758069446786979,4.1334175726019
"8","Atl","WF517",43,0.804166154733957,0.9079,0.9576,0.9576,0.0519,3.3336468233337,0.956034265558075,22.7449856733524
"9","Atl","WF196",25,0.758372363637117,0.9148,0.9141,0.9141,-7e-04,2.69368792326478,0.912701887768811,11.4550014249074
"10","Atl","WF223",34,0.818141295590447,0.9344,0.9413,0.9413,0.0073,2.99891150337236,0.93974737973663,16.5967885816235
"11","Atl","WF421",27,0.731942843011001,0.9489,0.9041,0.9041,-0.0495,2.6140913917691,0.902558740476317,10.2625931241884
"12","Atl","A441",16,0.807799345791786,0.8592,0.8662,0.8662,0.0081,2.18705027271793,0.864660037274042,7.38880061630314
"13","Atl","PAM21",13,0.823337685909699,0.7328,0.8064,0.8064,0.0913,1.79285699184256,0.804768078783288,5.122113196284
"14","Atl","PSY087",6,0.558435750259364,0.5758,0.4778,0.4778,-0.2051,0.968655508641958,0.477180899908173,1.91270747343462
"15","Atl","PSY022",15,0.632588975037954,0.6566,0.5919,0.5919,-0.1094,1.18878937738567,0.590879316482734,2.44426654600512
"16","Atl","WF12",7,0.819525672099496,0.6312,0.6108,0.6108,-0.0334,1.06745134850279,0.6099267578125,2.56362111482469
"17","Atl","WF32",25,0.633122097627347,0.6538,0.8536,0.8536,0.234,2.30987054847655,0.85172869088953,6.74439313984169
"18","Jam","J42",16,0.68807694791396,0.9032,0.8941,0.8941,-0.0102,2.45434850069751,0.879812695109261,8.32034632034632
"19","Jam","WF22",28,0.882309978442414,0.9677,0.9688,0.9688,0.0011,3.18099753381243,0.953173777315297,21.3555555555556
"20","Jam","PAM27",12,0.63734409298235,0.7586,0.7531,0.7531,-0.0074,1.69929070838426,0.740190249702735,3.84897025171625
"21","Jam","PAM79",31,0.875792716581127,0.9655,0.9748,0.9748,0.0095,3.29242801699452,0.957788347205707,23.6901408450704
"22","Jam","WF16",14,0.660959456502543,0.7667,0.8448,0.8448,0.0925,2.12319246371483,0.829444444444444,5.86319218241042
"23","Jam","WF33",24,0.891557112435621,0.9667,0.9632,0.9632,-0.0036,3.05071101681747,0.947222222222222,18.9473684210526
"24","Jam","WF3",11,0.678909498623121,0.8667,0.8207,0.8207,-0.056,1.97266297063536,0.807777777777778,5.20231213872832
"25","Jam","WF517",23,0.869128811210161,0.8966,0.9594,0.9594,0.0655,2.97538100259959,0.941736028537455,17.1632653061224
"26","Jam","WF196",17,0.783382825762475,1,0.9151,0.9151,-0.0928,2.54197714895608,0.901664932362123,10.1693121693122
"27","Jam","WF223",19,0.850583291185129,1,0.9421,0.9421,-0.0614,2.76640086326966,0.926872770511296,13.6747967479675
"28","Jam","WF421",15,0.851122768646398,0.9655,0.9175,0.9175,-0.0523,2.47444894939476,0.902497027348395,10.2560975609756
"29","Jam","A441",8,0.929671667651925,0.8636,0.8712,0.8712,0.0087,1.96782541029667,0.851239669421488,6.72222222222222
"30","Jam","PAM21",7,0.851931893802466,0.75,0.8016,0.8016,0.0644,1.6595229987833,0.783854166666667,4.62650602409639
"31","Jam","PSY087",5,0.61027626674409,0.6333,0.5443,0.5443,-0.1637,1.06400333083962,0.536666666666667,2.15827338129496
"32","Jam","PSY022",6,0.715810771265386,0.6,0.5632,0.5632,-0.0653,1.00738583905108,0.554444444444445,2.24438902743142
"33","Jam","WF12",3,0.87633503635278,0.7097,0.6124,0.6124,-0.1589,1.00829154351597,0.604058272632674,2.52562417871222
"34","Jam","WF32",13,0.761162122461869,0.8636,0.8799,0.8799,0.0185,2.20135445794427,0.859504132231405,7.11764705882353
"35","Mor","J42",14,0.574353699896915,0.8519,0.8234,0.8234,-0.0346,2.12315915278114,0.808641975308642,5.2258064516129
"36","Mor","WF22",27,0.88807408017494,1,0.9708,0.9708,-0.0301,3.17877951179211,0.953360768175583,21.4411764705882
"37","Mor","PAM27",10,0.726733240337382,0.7391,0.7974,0.7974,0.0731,1.76566780437737,0.77882797731569,4.52136752136752
"38","Mor","PAM79",25,0.764879571012968,0.963,0.948,0.948,-0.0158,2.92131568550804,0.930727023319616,14.4356435643564
"39","Mor","WF16",13,0.693510477285507,0.8519,0.8511,0.8511,-8e-04,2.11840282918003,0.835390946502058,6.075
"40","Mor","WF33",24,0.775693595250958,0.963,0.9494,0.9494,-0.0143,2.92835089072529,0.932098765432099,14.7272727272727
"41","Mor","WF3",10,0.571499938866244,0.7778,0.7407,0.7407,-0.05,1.73631160838302,0.727709190672154,3.67254408060453
"42","Mor","WF517",20,0.809865683555442,0.7826,0.9486,0.9486,0.175,2.77851461087733,0.924385633270321,13.225
"43","Mor","WF196",17,0.714472593452332,0.963,0.9003,0.9003,-0.0696,2.46361391018228,0.88477366255144,8.67857142857143
"44","Mor","WF223",16,0.855714161354047,0.913,0.9298,0.9298,0.0181,2.54242774747048,0.909262759924386,11.0208333333333
"45","Mor","WF421",13,0.838539600413758,0.9583,0.8995,0.8995,-0.0655,2.29344812092345,0.881944444444444,8.47058823529412
"46","Mor","A441",8,0.887836458333925,0.8667,0.869,0.869,0.0027,1.93344003320717,0.84,6.25
"47","Mor","PAM21",6,0.834176657916588,0.6842,0.7822,0.7822,0.1252,1.56349650040579,0.759002770083103,4.14942528735632
"48","Mor","PSY087",4,0.632607217688109,0.6667,0.5207,0.5207,-0.2804,0.982056824581015,0.513717421124829,2.05641748942172
"49","Mor","PSY022",7,0.699328862033996,0.8077,0.6723,0.6723,-0.2014,1.33511534043409,0.66198224852071,2.95842450765864
"50","Mor","WF12",3,0.810778492740914,0.4815,0.5755,0.5755,0.1634,0.951522718182474,0.563100137174211,2.28885400313972
"51","Mor","WF32",6,0.782836819498916,0.5,0.8036,0.8036,0.3778,1.51108617607361,0.734375,3.76470588235294
"52","Mt","J42",25,0.589171284325117,0.8681,0.8783,0.8783,0.0117,2.55779602664932,0.87524112654321,8.01546192500966
"53","Mt","WF22",32,0.879509132458403,0.9514,0.9588,0.9588,0.0078,3.23501097710905,0.955488040123457,22.465872156013
"54","Mt","PAM27",20,0.678924287207326,0.8015,0.8423,0.8423,0.0484,2.16029842605524,0.838966260707418,6.20987877691333
"55","Mt","PAM79",41,0.769809962689099,0.9338,0.9602,0.9602,0.0275,3.38915187381941,0.956612240484429,23.0479750778816
"56","Mt","WF16",24,0.603320428093501,0.8723,0.8453,0.8453,-0.032,2.28818879994496,0.842362054222625,6.34365028717294
"57","Mt","WF33",30,0.814541066408882,0.9489,0.9498,0.9498,0.001,3.12086289659773,0.946374340668123,18.6477893691008
"58","Mt","WF3",16,0.511473736615579,0.776,0.7618,0.7618,-0.0187,1.96713929047408,0.758784,4.14566197930486
"59","Mt","WF517",34,0.831021778777673,0.9078,0.9557,0.9557,0.0501,3.2169891418267,0.952165384035008,20.9053627760252
"60","Mt","WF196",21,0.798785872294087,0.8897,0.9177,0.9177,0.0305,2.66295600078208,0.914197664359862,11.6546943919345
"61","Mt","WF223",27,0.839591758141855,0.9398,0.94,0.94,2e-04,2.9210932407982,0.936485951721409,15.7445482866044
"62","Mt","WF421",23,0.705582339348148,0.9569,0.8942,0.8942,-0.0701,2.52914844988058,0.890643579072533,9.14441046551138
"63","Mt","A441",15,0.796986215163308,0.8837,0.8696,0.8696,-0.0162,2.21174217484416,0.866324139174328,7.4807821982468
"64","Mt","PAM21",12,0.808109643799783,0.7442,0.8062,0.8062,0.0769,1.79821072993543,0.80283636800673,5.07192928985066
"65","Mt","PSY087",6,0.565457237897521,0.5664,0.464,0.464,-0.2209,0.925395067063556,0.462687661988361,1.8611149032992
"66","Mt","PSY022",11,0.664571326647799,0.623,0.5681,0.5681,-0.0966,1.08593371405461,0.565976887933351,2.30402476780186
"67","Mt","WF12",7,0.786972742269699,0.6667,0.6204,0.6204,-0.0746,1.11779175013461,0.618271604938272,2.61966364812419
"68","Mt","WF32",19,0.669317312653423,0.6319,0.8458,0.8458,0.2528,2.19373209026745,0.842110339506173,6.33353695784973
"69","Nap","J42",14,0.648506737886657,0.9615,0.8654,0.8654,-0.1111,2.28021021039032,0.850591715976331,6.69306930693069
"70","Nap","WF22",26,0.884841593185679,0.9615,0.9692,0.9692,0.0079,3.12127111733354,0.950443786982249,20.1791044776119
"71","Nap","PAM27",12,0.797448273331124,0.76,0.8808,0.8808,0.1372,2.16958152043818,0.8608,7.18390804597701
"72","Nap","PAM79",28,0.867479090362591,1,0.9708,0.9708,-0.0301,3.18632810580237,0.952662721893491,21.125
"73","Nap","WF16",14,0.64887808963103,0.8462,0.8369,0.8369,-0.011,2.08800236949585,0.821005917159763,5.58677685950413
"74","Nap","WF33",22,0.849627209791549,0.8846,0.9562,0.9562,0.0748,2.90833938995611,0.936390532544379,15.7209302325581
"75","Nap","WF3",10,0.6139254939592,0.7826,0.7806,0.7806,-0.0025,1.8348959781747,0.763705103969754,4.232
"76","Nap","WF517",19,0.864279001528241,1,0.9466,0.9466,-0.0565,2.76644724429184,0.927951388888889,13.8795180722892
"77","Nap","WF196",15,0.798525374497582,0.9167,0.9094,0.9094,-0.008,2.41567875535548,0.890625,9.14285714285714
"78","Nap","WF223",21,0.846586510496597,0.88,0.9542,0.9542,0.0777,2.86836221251719,0.9336,15.0602409638554
"79","Nap","WF421",17,0.824805632124753,1,0.9284,0.9284,-0.0771,2.59134531301904,0.910590277777778,11.1844660194175
"80","Nap","A441",9,0.862117063146518,1,0.8826,0.8826,-0.133,2.02932302955708,0.850694444444444,6.69767441860465
"81","Nap","PAM21",7,0.761194781377918,0.4667,0.7833,0.7833,0.4043,1.58351052400208,0.746666666666667,3.94736842105263
"82","Nap","PSY087",4,0.721458490238926,0.7692,0.6162,0.6162,-0.2484,1.1452014903107,0.607248520710059,2.54613935969868
"83","Nap","PSY022",7,0.6831546718366,0.75,0.5879,0.5879,-0.2758,1.10296899345968,0.578993055555556,2.37525773195876
"84","Nap","WF12",3,0.845329213966099,0.5833,0.6005,0.6005,0.0287,0.988069879390403,0.587673611111111,2.42526315789474
"85","Nap","WF32",11,0.83161403777436,0.9091,0.9091,0.9091,0,2.18507112611091,0.867768595041322,7.5625
"86","Shin","J42",21,0.527916694845435,0.8318,0.8525,0.8525,0.0243,2.45086287603519,0.848371036771771,6.59504608294931
"87","Shin","WF22",35,0.812084076482907,0.9231,0.9565,0.9565,0.0349,3.23015506970142,0.951738165680473,20.72030651341
"88","Shin","PAM27",17,0.672762352738292,0.8247,0.831,0.831,0.0076,2.09076421248358,0.826708470613243,5.770622508433
"89","Shin","PAM79",38,0.753163392633123,0.8812,0.9592,0.9592,0.0813,3.3516979337078,0.954024115282815,21.7505330490405
"90","Shin","WF16",21,0.609224082110004,0.8224,0.8335,0.8335,0.0132,2.19566833557589,0.829504760241069,5.86526639344262
"91","Shin","WF33",32,0.838361241796219,0.9694,0.9558,0.9558,-0.0142,3.18449499085754,0.951009995835069,20.4123273113709
"92","Shin","WF3",14,0.490680401150801,0.7282,0.7395,0.7395,0.0153,1.89865534877858,0.735837496465265,3.78554861730598
"93","Shin","WF517",35,0.808773169200525,0.9184,0.9563,0.9563,0.0397,3.22326347833815,0.951218242399,20.4994663820704
"94","Shin","WF196",19,0.784614486476633,0.9091,0.9073,0.9073,-0.002,2.55148641322028,0.902714008774615,10.278972207656
"95","Shin","WF223",27,0.822769879642589,0.9263,0.9434,0.9434,0.0182,2.97108561941588,0.938393351800554,16.2320143884892
"96","Shin","WF421",19,0.784522012799876,0.9136,0.9085,0.9085,-0.0056,2.55366685484198,0.902911141594269,10.2998430141287
"97","Shin","A441",13,0.811777637474803,0.8081,0.8627,0.8627,0.0633,2.13391371912919,0.858075706560555,7.04601006470165
"98","Shin","PAM21",9,0.836268273065811,0.7733,0.8045,0.8045,0.0387,1.74944948432725,0.798933333333333,4.97347480106101
"99","Shin","PSY087",6,0.520935456728953,0.5,0.4183,0.4183,-0.1954,0.863342507571376,0.41665125739645,1.71424043109597
"100","Shin","PSY022",9,0.64339297151711,0.6508,0.6162,0.6162,-0.0561,1.23767662472179,0.611615016376921,2.5747648394421
"101","Shin","WF12",4,0.869852761154433,0.6117,0.6161,0.6161,0.0073,1.03738570332366,0.613111509096051,2.58472408332318
"102","Shin","WF32",20,0.641177472798404,0.6238,0.8461,0.8461,0.2628,2.22354797737957,0.840848936378786,6.28333846627656
"103","Jam_6","J42",16,0.68807694791396,0.9032,0.8941,0.8941,-0.0102,2.45434850069751,0.879812695109261,8.32034632034632
"104","Jam_6","WF22",28,0.882309978442414,0.9677,0.9688,0.9688,0.0011,3.18099753381243,0.953173777315297,21.3555555555556
"105","Jam_6","PAM27",12,0.63734409298235,0.7586,0.7531,0.7531,-0.0074,1.69929070838426,0.740190249702735,3.84897025171625
"106","Jam_6","PAM79",31,0.875792716581127,0.9655,0.9748,0.9748,0.0095,3.29242801699452,0.957788347205707,23.6901408450704
"107","Jam_6","WF16",14,0.660959456502543,0.7667,0.8448,0.8448,0.0925,2.12319246371483,0.829444444444444,5.86319218241042
"108","Jam_6","WF33",24,0.891557112435621,0.9667,0.9632,0.9632,-0.0036,3.05071101681747,0.947222222222222,18.9473684210526
"109","Jam_6","WF3",11,0.678909498623121,0.8667,0.8207,0.8207,-0.056,1.97266297063536,0.807777777777778,5.20231213872832
"110","Jam_6","WF517",23,0.869128811210161,0.8966,0.9594,0.9594,0.0655,2.97538100259959,0.941736028537455,17.1632653061224
"111","Jam_6","WF196",17,0.783382825762475,1,0.9151,0.9151,-0.0928,2.54197714895608,0.901664932362123,10.1693121693122
"112","Jam_6","WF223",19,0.850583291185129,1,0.9421,0.9421,-0.0614,2.76640086326966,0.926872770511296,13.6747967479675
"113","Jam_6","WF421",15,0.851122768646398,0.9655,0.9175,0.9175,-0.0523,2.47444894939476,0.902497027348395,10.2560975609756
"114","Jam_6","A441",8,0.929671667651925,0.8636,0.8712,0.8712,0.0087,1.96782541029667,0.851239669421488,6.72222222222222
"115","Jam_6","PAM21",7,0.851931893802466,0.75,0.8016,0.8016,0.0644,1.6595229987833,0.783854166666667,4.62650602409639
"116","Jam_6","PSY087",5,0.61027626674409,0.6333,0.5443,0.5443,-0.1637,1.06400333083962,0.536666666666667,2.15827338129496
"117","Jam_6","PSY022",6,0.715810771265386,0.6,0.5632,0.5632,-0.0653,1.00738583905108,0.554444444444445,2.24438902743142
"118","Jam_6","WF12",3,0.87633503635278,0.7097,0.6124,0.6124,-0.1589,1.00829154351597,0.604058272632674,2.52562417871222
"119","Jam_6","WF32",13,0.761162122461869,0.8636,0.8799,0.8799,0.0185,2.20135445794427,0.859504132231405,7.11764705882353
"120","Mor_6","J42",14,0.574353699896915,0.8519,0.8234,0.8234,-0.0346,2.12315915278114,0.808641975308642,5.2258064516129
"121","Mor_6","WF22",27,0.88807408017494,1,0.9708,0.9708,-0.0301,3.17877951179211,0.953360768175583,21.4411764705882
"122","Mor_6","PAM27",10,0.726733240337382,0.7391,0.7974,0.7974,0.0731,1.76566780437737,0.77882797731569,4.52136752136752
"123","Mor_6","PAM79",25,0.764879571012968,0.963,0.948,0.948,-0.0158,2.92131568550804,0.930727023319616,14.4356435643564
"124","Mor_6","WF16",13,0.693510477285507,0.8519,0.8511,0.8511,-8e-04,2.11840282918003,0.835390946502058,6.075
"125","Mor_6","WF33",24,0.775693595250958,0.963,0.9494,0.9494,-0.0143,2.92835089072529,0.932098765432099,14.7272727272727
"126","Mor_6","WF3",10,0.571499938866244,0.7778,0.7407,0.7407,-0.05,1.73631160838302,0.727709190672154,3.67254408060453
"127","Mor_6","WF517",20,0.809865683555442,0.7826,0.9486,0.9486,0.175,2.77851461087733,0.924385633270321,13.225
"128","Mor_6","WF196",17,0.714472593452332,0.963,0.9003,0.9003,-0.0696,2.46361391018228,0.88477366255144,8.67857142857143
"129","Mor_6","WF223",16,0.855714161354047,0.913,0.9298,0.9298,0.0181,2.54242774747048,0.909262759924386,11.0208333333333
"130","Mor_6","WF421",13,0.838539600413758,0.9583,0.8995,0.8995,-0.0655,2.29344812092345,0.881944444444444,8.47058823529412
"131","Mor_6","A441",8,0.887836458333925,0.8667,0.869,0.869,0.0027,1.93344003320717,0.84,6.25
"132","Mor_6","PAM21",6,0.834176657916588,0.6842,0.7822,0.7822,0.1252,1.56349650040579,0.759002770083103,4.14942528735632
"133","Mor_6","PSY087",4,0.632607217688109,0.6667,0.5207,0.5207,-0.2804,0.982056824581015,0.513717421124829,2.05641748942172
"134","Mor_6","PSY022",7,0.699328862033996,0.8077,0.6723,0.6723,-0.2014,1.33511534043409,0.66198224852071,2.95842450765864
"135","Mor_6","WF12",3,0.810778492740914,0.4815,0.5755,0.5755,0.1634,0.951522718182474,0.563100137174211,2.28885400313972
"136","Mor_6","WF32",6,0.782836819498916,0.5,0.8036,0.8036,0.3778,1.51108617607361,0.734375,3.76470588235294
"137","Mt_1","J42",15,0.613795918783325,0.88,0.855,0.855,-0.0292,2.24628077496656,0.8384,6.18811881188119
"138","Mt_1","WF22",25,0.860276075455997,0.96,0.965,0.965,0.0052,3.05426303222132,0.9456,18.3823529411765
"139","Mt_1","PAM27",12,0.724208817402446,0.7727,0.8431,0.8431,0.0834,2.00016746462492,0.822314049586777,5.62790697674419
"140","Mt_1","PAM79",28,0.878301941603765,1,0.9737,0.9737,-0.027,3.20311308640932,0.953993055555556,21.7358490566038
"141","Mt_1","WF16",11,0.661718510937068,0.875,0.7953,0.7953,-0.1002,1.85158316635689,0.780381944444444,4.55335968379447
"142","Mt_1","WF33",22,0.800704911058012,0.9583,0.9529,0.9529,-0.0057,2.91430176117601,0.933159722222222,14.961038961039
"143","Mt_1","WF3",11,0.63601926391259,0.8333,0.8098,0.8098,-0.0291,1.95133561511372,0.793402777777778,4.84033613445378
"144","Mt_1","WF517",20,0.845638779339007,0.9583,0.9484,0.9484,-0.0105,2.79915025327713,0.928819444444444,14.0487804878049
"145","Mt_1","WF196",14,0.779624511926572,0.8333,0.8986,0.8986,0.0726,2.32940837997993,0.878472222222222,8.22857142857143
"146","Mt_1","WF223",15,0.895126328224435,0.9583,0.9357,0.9357,-0.0242,2.58691918579173,0.916666666666667,12
"147","Mt_1","WF421",12,0.81270668349994,1,0.8938,0.8938,-0.1188,2.23815293554441,0.871913580246914,7.80722891566265
"148","Mt_1","A441",11,0.862814081954125,1,0.885,0.885,-0.13,2.16138557524027,0.868923611111111,7.62913907284768
"149","Mt_1","PAM21",9,0.791012833757544,0.6957,0.8172,0.8172,0.1487,1.7845414501969,0.796786389413989,4.92093023255814
"150","Mt_1","PSY087",6,0.613654406323779,0.72,0.5608,0.5608,-0.2838,1.10339568103104,0.5528,2.23613595706619
"151","Mt_1","PSY022",5,0.733599513357928,0.6364,0.5693,0.5693,-0.1179,1.00057729302376,0.557851239669421,2.26168224299065
"152","Mt_1","WF12",3,0.857908183776264,0.6957,0.5919,0.5919,-0.1753,0.962484756193302,0.581285444234405,2.3882618510158
"153","Mt_1","WF32",10,0.728546121927415,0.6,0.8258,0.8258,0.2735,1.89599164961768,0.8048,5.12295081967213
"154","Mt_2","J42",17,0.568903443182373,0.8621,0.8621,0.8621,0,2.37456861691355,0.847205707491082,6.54474708171206
"155","Mt_2","WF22",28,0.884387590780916,0.9655,0.9711,0.9711,0.0057,3.20148662320261,0.954221165279429,21.8441558441558
"156","Mt_2","PAM27",13,0.693777229854436,0.8,0.8517,0.8517,0.0607,2.10666555775406,0.8336,6.00961538461538
"157","Mt_2","PAM79",24,0.850190240155109,0.8846,0.9623,0.9623,0.0807,3.00624613552836,0.942307692307692,17.3333333333333
"158","Mt_2","WF16",12,0.730397117867024,0.8929,0.8525,0.8525,-0.0473,2.08973354334573,0.838010204081633,6.17322834645669
"159","Mt_2","WF33",24,0.809205150364109,0.9286,0.955,0.955,0.0277,2.97229518378667,0.9375,16
"160","Mt_2","WF3",10,0.538116170040341,0.75,0.7308,0.7308,-0.0262,1.746435847176,0.718112244897959,3.54751131221719
"161","Mt_2","WF517",23,0.887180560762067,0.8571,0.963,0.963,0.1099,2.99357430691843,0.943877551020408,17.8181818181818
"162","Mt_2","WF196",15,0.805814377159831,0.8571,0.9087,0.9087,0.0568,2.41638155896973,0.891581632653061,9.22352941176471
"163","Mt_2","WF223",18,0.862410074338024,0.96,0.9425,0.9425,-0.0186,2.71453444465265,0.924,13.1578947368421
"164","Mt_2","WF421",14,0.784814524610614,0.8947,0.9123,0.9123,0.0192,2.40544636311475,0.887811634349031,8.91358024691358
"165","Mt_2","A441",11,0.718410141264698,0.7778,0.8326,0.8326,0.0659,1.97140093193222,0.816186556927298,5.44029850746269
"166","Mt_2","PAM21",8,0.815984547653164,0.8,0.8058,0.8058,0.0072,1.7226183853834,0.7896,4.75285171102662
"167","Mt_2","PSY087",4,0.625172002389531,0.6207,0.4871,0.4871,-0.2743,0.90918369199774,0.480975029726516,1.92668957617411
"168","Mt_2","PSY022",5,0.685934616236655,0.48,0.5692,0.5692,0.1567,1.0387258995961,0.556,2.25225225225225
"169","Mt_2","WF12",4,0.857760176159929,0.6667,0.6403,0.6403,-0.0412,1.09060954977325,0.628943758573388,2.69500924214418
"170","Mt_2","WF32",14,0.702362917249926,0.6552,0.8688,0.8688,0.2459,2.20599748246511,0.850178359096314,6.67460317460317
"171","Mt_3","J42",18,0.657197992349243,0.8387,0.8872,0.8872,0.0547,2.49527240932208,0.87968262226847,8.31135135135135
"172","Mt_3","WF22",24,0.880332549451668,0.9355,0.9531,0.9531,0.0184,3.02566402784709,0.945239334027055,18.2612826603325
"173","Mt_3","PAM27",13,0.753546393092105,0.8136,0.8483,0.8483,0.041,2.08086193632574,0.840850330364838,6.28339350180505
"174","Mt_3","PAM79",32,0.764441304642584,0.918,0.9578,0.9578,0.0415,3.24463818064148,0.949610319806504,19.8453333333333
"175","Mt_3","WF16",20,0.616260645576733,0.8387,0.8457,0.8457,0.0083,2.24560281629843,0.838839750260146,6.20500403551251
"176","Mt_3","WF33",26,0.846563443698138,0.9649,0.9514,0.9514,-0.0142,3.02627186641111,0.943213296398892,17.609756097561
"177","Mt_3","WF3",10,0.582351964303279,0.7551,0.7341,0.7341,-0.0287,1.71699805154423,0.726780508121616,3.66006097560976
"178","Mt_3","WF517",27,0.861463023955833,0.9344,0.9548,0.9548,0.0213,3.07520477580477,0.946788497715668,18.7929292929293
"179","Mt_3","WF196",20,0.807244622379702,0.8833,0.9251,0.9251,0.0452,2.68793598953547,0.917083333333333,12.0603015075377
"180","Mt_3","WF223",24,0.884016083790546,0.9167,0.9507,0.9507,0.0358,2.972558940522,0.9425,17.3913043478261
"181","Mt_3","WF421",17,0.73928815203065,0.9423,0.8969,0.8969,-0.0507,2.46799368222822,0.888683431952663,8.98338870431894
"182","Mt_3","A441",13,0.812765537680452,0.8704,0.8711,0.8711,8e-04,2.16908055545827,0.862997256515775,7.2991239048811
"183","Mt_3","PAM21",10,0.793144105471652,0.7544,0.802,0.802,0.0594,1.77088592931186,0.79455216989843,4.86741573033708
"184","Mt_3","PSY087",5,0.567391915875277,0.5161,0.4412,0.4412,-0.1699,0.864906744725459,0.43821540062435,1.78004167631396
"185","Mt_3","PSY022",8,0.715245275093003,0.6667,0.5692,0.5692,-0.1712,1.0342262099016,0.564590542099193,2.29668874172185
"186","Mt_3","WF12",7,0.777839602761178,0.6724,0.6413,0.6413,-0.0486,1.1775090244488,0.635998810939358,2.74724377296856
"187","Mt_3","WF32",14,0.714408529299009,0.6613,0.824,0.824,0.1975,1.9755817458444,0.816077003121748,5.43705799151344
"188","Mt_4","J42",13,0.885365951064714,0.9167,0.9432,0.9432,0.0281,2.44130263780762,0.902777777777778,10.2857142857143
"189","Mt_4","WF22",15,0.909974526882209,1,0.9583,0.9583,-0.0435,2.61458943294761,0.920138888888889,12.5217391304348
"190","Mt_4","PAM27",10,0.726500575246702,1,0.8523,0.8523,-0.1733,2.00100652342451,0.822916666666667,5.64705882352941
"191","Mt_4","PAM79",15,0.866641338445318,0.9,0.9667,0.9667,0.069,2.59683386889756,0.915,11.7647058823529
"192","Mt_4","WF16",9,0.773040552468546,1,0.8545,0.8545,-0.1702,1.94399817717146,0.822314049586777,5.62790697674419
"193","Mt_4","WF33",15,0.863777694624343,0.9167,0.9545,0.9545,0.0397,2.57862917389114,0.913194444444444,11.52
"194","Mt_4","WF3",10,0.843499921490834,0.9,0.9111,0.9111,0.0122,2.15132207992127,0.865,7.40740740740741
"195","Mt_4","WF517",15,0.882149298210668,0.8333,0.9621,0.9621,0.1339,2.60043117988132,0.916666666666667,12
"196","Mt_4","WF196",9,0.881404948731602,1,0.8864,0.8864,-0.1282,2.03408255460424,0.854166666666667,6.85714285714286
"197","Mt_4","WF223",8,0.915687543431376,0.8889,0.9028,0.9028,0.0154,1.98505318790462,0.851851851851852,6.75
"198","Mt_4","WF421",9,0.844408538443828,1,0.8727,0.8727,-0.1458,1.96910054901244,0.838842975206612,6.20512820512821
"199","Mt_4","A441",8,0.865486561613218,1,0.8819,0.8819,-0.1339,1.95213820941537,0.839506172839506,6.23076923076923
"200","Mt_4","PAM21",6,0.787360242199629,0.7273,0.7864,0.7864,0.0751,1.56204405302991,0.747933884297521,3.9672131147541
"201","Mt_4","PSY087",4,0.600493955358876,0.5455,0.45,0.45,-0.2121,0.822560771525768,0.433884297520661,1.76642335766423
"202","Mt_4","PSY022",6,0.666892390198686,0.5833,0.6439,0.6439,0.0941,1.22114913491515,0.614583333333333,2.59459459459459
"203","Mt_4","WF12",4,0.858141346035229,0.7273,0.6864,0.6864,-0.0596,1.17320611618526,0.65702479338843,2.91566265060241
"204","Mt_4","WF32",10,0.762656534888266,0.6667,0.8788,0.8788,0.2414,2.02234607227287,0.833333333333333,6
"205","Mt_5","J42",13,0.679144561544253,0.9375,0.8729,0.8729,-0.074,2.21842169021864,0.84765625,6.56410256410256
"206","Mt_5","WF22",17,0.808875507714278,0.9375,0.9417,0.9417,0.0044,2.62683165468381,0.912109375,11.3777777777778
"207","Mt_5","PAM27",7,0.747283461071041,0.6154,0.7724,0.7724,0.2033,1.55685909113009,0.736686390532544,3.79775280898876
"208","Mt_5","PAM79",19,0.878704075387266,1,0.9643,0.9643,-0.037,2.82923803242205,0.933333333333333,15
"209","Mt_5","WF16",14,0.70914352705709,0.875,0.8979,0.8979,0.0255,2.33852479480367,0.869140625,7.64179104477612
"210","Mt_5","WF33",18,0.755911714755758,0.9375,0.9375,0.9375,0,2.64534633008401,0.908203125,10.8936170212766
"211","Mt_5","WF3",9,0.53829133189629,0.7143,0.7005,0.7005,-0.0196,1.58440025363047,0.676020408163265,3.08661417322835
"212","Mt_5","WF517",19,0.872906309439136,0.875,0.9646,0.9646,0.0929,2.81017760633185,0.931640625,14.6285714285714
"213","Mt_5","WF196",13,0.852986408757022,1,0.9318,0.9318,-0.0732,2.40534237875115,0.895833333333333,9.6
"214","Mt_5","WF223",16,0.827284453880593,1,0.9381,0.9381,-0.066,2.56942076499022,0.908888888888889,10.9756097560976
"215","Mt_5","WF421",11,0.75046319887984,1,0.8542,0.8542,-0.1707,2.02822385729435,0.83203125,5.95348837209302
"216","Mt_5","A441",8,0.906532798130313,0.8667,0.881,0.881,0.0162,1.98866906539612,0.851111111111111,6.71641791044776
"217","Mt_5","PAM21",5,0.943184509826539,0.6923,0.8173,0.8173,0.1529,1.5649572502428,0.781065088757396,4.56756756756757
"218","Mt_5","PSY087",3,0.597207462089007,0.4375,0.375,0.375,-0.1667,0.674707467418823,0.365234375,1.57538461538462
"219","Mt_5","PSY022",3,0.851848148986431,0.75,0.5303,0.5303,-0.4143,0.814644504904629,0.517361111111111,2.07194244604317
"220","Mt_5","WF12",4,0.718890104504496,0.5625,0.5417,0.5417,-0.0385,0.932112120667674,0.525390625,2.10699588477366
"221","Mt_5","WF32",11,0.686690073602785,0.5,0.8458,0.8458,0.4089,1.96738643090721,0.80859375,5.22448979591837
"222","Nap_6","J42",14,0.648506737886657,0.9615,0.8654,0.8654,-0.1111,2.28021021039032,0.850591715976331,6.69306930693069
"223","Nap_6","WF22",26,0.884841593185679,0.9615,0.9692,0.9692,0.0079,3.12127111733354,0.950443786982249,20.1791044776119
"224","Nap_6","PAM27",12,0.797448273331124,0.76,0.8808,0.8808,0.1372,2.16958152043818,0.8608,7.18390804597701
"225","Nap_6","PAM79",28,0.867479090362591,1,0.9708,0.9708,-0.0301,3.18632810580237,0.952662721893491,21.125
"226","Nap_6","WF16",14,0.64887808963103,0.8462,0.8369,0.8369,-0.011,2.08800236949585,0.821005917159763,5.58677685950413
"227","Nap_6","WF33",22,0.849627209791549,0.8846,0.9562,0.9562,0.0748,2.90833938995611,0.936390532544379,15.7209302325581
"228","Nap_6","WF3",10,0.6139254939592,0.7826,0.7806,0.7806,-0.0025,1.8348959781747,0.763705103969754,4.232
"229","Nap_6","WF517",19,0.864279001528241,1,0.9466,0.9466,-0.0565,2.76644724429184,0.927951388888889,13.8795180722892
"230","Nap_6","WF196",15,0.798525374497582,0.9167,0.9094,0.9094,-0.008,2.41567875535548,0.890625,9.14285714285714
"231","Nap_6","WF223",21,0.846586510496597,0.88,0.9542,0.9542,0.0777,2.86836221251719,0.9336,15.0602409638554
"232","Nap_6","WF421",17,0.824805632124753,1,0.9284,0.9284,-0.0771,2.59134531301904,0.910590277777778,11.1844660194175
"233","Nap_6","A441",9,0.862117063146518,1,0.8826,0.8826,-0.133,2.02932302955708,0.850694444444444,6.69767441860465
"234","Nap_6","PAM21",7,0.761194781377918,0.4667,0.7833,0.7833,0.4043,1.58351052400208,0.746666666666667,3.94736842105263
"235","Nap_6","PSY087",4,0.721458490238926,0.7692,0.6162,0.6162,-0.2484,1.1452014903107,0.607248520710059,2.54613935969868
"236","Nap_6","PSY022",7,0.6831546718366,0.75,0.5879,0.5879,-0.2758,1.10296899345968,0.578993055555556,2.37525773195876
"237","Nap_6","WF12",3,0.845329213966099,0.5833,0.6005,0.6005,0.0287,0.988069879390403,0.587673611111111,2.42526315789474
"238","Nap_6","WF32",11,0.83161403777436,0.9091,0.9091,0.9091,0,2.18507112611091,0.867768595041322,7.5625
"239","Shin_1","J42",19,0.541436062212527,0.8077,0.8571,0.8571,0.0576,2.42779429567709,0.848372781065089,6.59512195121951
"240","Shin_1","WF22",29,0.808188298718052,0.8654,0.9542,0.9542,0.0931,3.08739864691875,0.944156804733728,17.9072847682119
"241","Shin_1","PAM27",15,0.687912440016868,0.8696,0.8362,0.8362,-0.0399,2.07614229821782,0.827504725897921,5.7972602739726
"242","Shin_1","PAM79",33,0.79888736935975,0.9167,0.9621,0.9621,0.0472,3.24313240242894,0.951605902777778,20.6636771300448
"243","Shin_1","WF16",19,0.582784131553415,0.7692,0.8262,0.8262,0.0689,2.16280007263882,0.817677514792899,5.48478701825558
"244","Shin_1","WF33",24,0.86344431861152,0.9556,0.9548,0.9548,-8e-04,3.02511370183625,0.944197530864198,17.9203539823009
"245","Shin_1","WF3",13,0.462272398300593,0.7059,0.7137,0.7137,0.011,1.8263256476472,0.706651287966167,3.4089121887287
"246","Shin_1","WF517",30,0.83946695024596,0.9,0.9606,0.9606,0.0631,3.17075830809685,0.9504,20.1612903225806
"247","Shin_1","WF196",18,0.792216043866825,0.913,0.9106,0.9106,-0.0027,2.52225953531475,0.900756143667297,10.0761904761905
"248","Shin_1","WF223",22,0.836475912982954,0.9583,0.9437,0.9437,-0.0155,2.88623239462093,0.934027777777778,15.1578947368421
"249","Shin_1","WF421",14,0.822145426036595,0.8919,0.8926,0.8926,8e-04,2.29939076158979,0.880569758948137,8.37308868501529
"250","Shin_1","A441",12,0.784864739776067,0.7708,0.8619,0.8619,0.1057,2.12040471980168,0.851996527777778,6.75659824046921
"251","Shin_1","PAM21",8,0.867034960621966,0.7895,0.7991,0.7991,0.012,1.66736450837615,0.788434903047091,4.72667757774141
"252","Shin_1","PSY087",5,0.531332716349163,0.5098,0.4263,0.4263,-0.196,0.86678857190447,0.422914263744714,1.73284477015323
"253","Shin_1","PSY022",6,0.705191521925655,0.6176,0.5619,0.5619,-0.0991,1.01703917741631,0.554498269896194,2.24466019417476
"254","Shin_1","WF12",4,0.874955396783511,0.64,0.6312,0.6312,-0.0139,1.06638485389325,0.625,2.66666666666667
"255","Shin_1","WF32",16,0.686547144708958,0.6863,0.8557,0.8557,0.198,2.19492859409406,0.84563629373318,6.47820672478207
"256","Shin_2","J42",19,0.559942507712952,0.8545,0.8513,0.8513,-0.0038,2.36420129135233,0.843636363636364,6.3953488372093
"257","Shin_2","WF22",31,0.846902731982307,0.9808,0.9617,0.9617,-0.0198,3.20935300590322,0.952662721893491,21.125
"258","Shin_2","PAM27",13,0.707669627293373,0.7843,0.8273,0.8273,0.0519,1.99906170664748,0.818723567858516,5.51643690349947
"259","Shin_2","PAM79",32,0.758010627183447,0.8491,0.9566,0.9566,0.1125,3.19400000791273,0.946600213599146,18.7266666666667
"260","Shin_2","WF16",16,0.657435660007704,0.8727,0.8384,0.8384,-0.041,2.13809538172411,0.831074380165289,5.91976516634051
"261","Shin_2","WF33",31,0.810334181576308,0.9811,0.9559,0.9559,-0.0264,3.1402299751022,0.947134211463154,18.9158249158249
"262","Shin_2","WF3",13,0.536495396624624,0.75,0.767,0.767,0.0221,1.92921708423311,0.759430473372781,4.15680245964643
"263","Shin_2","WF517",27,0.792729993739909,0.9375,0.949,0.949,0.0121,3.01674706519129,0.939019097222222,16.3985765124555
"264","Shin_2","WF196",17,0.803391650614999,0.9057,0.9106,0.9106,0.0054,2.52143793187556,0.901922392310431,10.1960072595281
"265","Shin_2","WF223",25,0.814064572009479,0.8936,0.9457,0.9457,0.055,2.92752356968955,0.935038478949751,15.3937282229965
"266","Shin_2","WF421",19,0.765092555115887,0.9318,0.9157,0.9157,-0.0176,2.60419676991575,0.90547520661157,10.5792349726776
"267","Shin_2","A441",11,0.842491605528062,0.8431,0.861,0.861,0.0207,2.06087182262473,0.852364475201845,6.7734375
"268","Shin_2","PAM21",9,0.785618288404638,0.7568,0.8033,0.8033,0.0579,1.76497406572709,0.7918188458729,4.80350877192982
"269","Shin_2","PSY087",5,0.523584622283225,0.4906,0.4133,0.4133,-0.187,0.844937306065944,0.410110359558562,1.69523234761617
"270","Shin_2","PSY022",9,0.656728573041796,0.6897,0.6749,0.6749,-0.0219,1.38688260834648,0.663495838287753,2.97173144876325
"271","Shin_2","WF12",3,0.869354240177713,0.5849,0.6045,0.6045,0.0324,0.998965657125309,0.598611605553578,2.49135254988914
"272","Shin_2","WF32",15,0.669576612677947,0.56,0.8414,0.8414,0.3345,2.1165024008495,0.8302,5.88928150765607
"273","Jam_6_2016","J42",16,0.68807694791396,0.9032,0.8941,0.8941,-0.0102,2.45434850069751,0.879812695109261,8.32034632034632
"274","Jam_6_2016","WF22",28,0.882309978442414,0.9677,0.9688,0.9688,0.0011,3.18099753381243,0.953173777315297,21.3555555555556
"275","Jam_6_2016","PAM27",12,0.63734409298235,0.7586,0.7531,0.7531,-0.0074,1.69929070838426,0.740190249702735,3.84897025171625
"276","Jam_6_2016","PAM79",31,0.875792716581127,0.9655,0.9748,0.9748,0.0095,3.29242801699452,0.957788347205707,23.6901408450704
"277","Jam_6_2016","WF16",14,0.660959456502543,0.7667,0.8448,0.8448,0.0925,2.12319246371483,0.829444444444444,5.86319218241042
"278","Jam_6_2016","WF33",24,0.891557112435621,0.9667,0.9632,0.9632,-0.0036,3.05071101681747,0.947222222222222,18.9473684210526
"279","Jam_6_2016","WF3",11,0.678909498623121,0.8667,0.8207,0.8207,-0.056,1.97266297063536,0.807777777777778,5.20231213872832
"280","Jam_6_2016","WF517",23,0.869128811210161,0.8966,0.9594,0.9594,0.0655,2.97538100259959,0.941736028537455,17.1632653061224
"281","Jam_6_2016","WF196",17,0.783382825762475,1,0.9151,0.9151,-0.0928,2.54197714895608,0.901664932362123,10.1693121693122
"282","Jam_6_2016","WF223",19,0.850583291185129,1,0.9421,0.9421,-0.0614,2.76640086326966,0.926872770511296,13.6747967479675
"283","Jam_6_2016","WF421",15,0.851122768646398,0.9655,0.9175,0.9175,-0.0523,2.47444894939476,0.902497027348395,10.2560975609756
"284","Jam_6_2016","A441",8,0.929671667651925,0.8636,0.8712,0.8712,0.0087,1.96782541029667,0.851239669421488,6.72222222222222
"285","Jam_6_2016","PAM21",7,0.851931893802466,0.75,0.8016,0.8016,0.0644,1.6595229987833,0.783854166666667,4.62650602409639
"286","Jam_6_2016","PSY087",5,0.61027626674409,0.6333,0.5443,0.5443,-0.1637,1.06400333083962,0.536666666666667,2.15827338129496
"287","Jam_6_2016","PSY022",6,0.715810771265386,0.6,0.5632,0.5632,-0.0653,1.00738583905108,0.554444444444445,2.24438902743142
"288","Jam_6_2016","WF12",3,0.87633503635278,0.7097,0.6124,0.6124,-0.1589,1.00829154351597,0.604058272632674,2.52562417871222
"289","Jam_6_2016","WF32",13,0.761162122461869,0.8636,0.8799,0.8799,0.0185,2.20135445794427,0.859504132231405,7.11764705882353
"290","Mor_6_2016","J42",14,0.574353699896915,0.8519,0.8234,0.8234,-0.0346,2.12315915278114,0.808641975308642,5.2258064516129
"291","Mor_6_2016","WF22",27,0.88807408017494,1,0.9708,0.9708,-0.0301,3.17877951179211,0.953360768175583,21.4411764705882
"292","Mor_6_2016","PAM27",10,0.726733240337382,0.7391,0.7974,0.7974,0.0731,1.76566780437737,0.77882797731569,4.52136752136752
"293","Mor_6_2016","PAM79",25,0.764879571012968,0.963,0.948,0.948,-0.0158,2.92131568550804,0.930727023319616,14.4356435643564
"294","Mor_6_2016","WF16",13,0.693510477285507,0.8519,0.8511,0.8511,-8e-04,2.11840282918003,0.835390946502058,6.075
"295","Mor_6_2016","WF33",24,0.775693595250958,0.963,0.9494,0.9494,-0.0143,2.92835089072529,0.932098765432099,14.7272727272727
"296","Mor_6_2016","WF3",10,0.571499938866244,0.7778,0.7407,0.7407,-0.05,1.73631160838302,0.727709190672154,3.67254408060453
"297","Mor_6_2016","WF517",20,0.809865683555442,0.7826,0.9486,0.9486,0.175,2.77851461087733,0.924385633270321,13.225
"298","Mor_6_2016","WF196",17,0.714472593452332,0.963,0.9003,0.9003,-0.0696,2.46361391018228,0.88477366255144,8.67857142857143
"299","Mor_6_2016","WF223",16,0.855714161354047,0.913,0.9298,0.9298,0.0181,2.54242774747048,0.909262759924386,11.0208333333333
"300","Mor_6_2016","WF421",13,0.838539600413758,0.9583,0.8995,0.8995,-0.0655,2.29344812092345,0.881944444444444,8.47058823529412
"301","Mor_6_2016","A441",8,0.887836458333925,0.8667,0.869,0.869,0.0027,1.93344003320717,0.84,6.25
"302","Mor_6_2016","PAM21",6,0.834176657916588,0.6842,0.7822,0.7822,0.1252,1.56349650040579,0.759002770083103,4.14942528735632
"303","Mor_6_2016","PSY087",4,0.632607217688109,0.6667,0.5207,0.5207,-0.2804,0.982056824581015,0.513717421124829,2.05641748942172
"304","Mor_6_2016","PSY022",7,0.699328862033996,0.8077,0.6723,0.6723,-0.2014,1.33511534043409,0.66198224852071,2.95842450765864
"305","Mor_6_2016","WF12",3,0.810778492740914,0.4815,0.5755,0.5755,0.1634,0.951522718182474,0.563100137174211,2.28885400313972
"306","Mor_6_2016","WF32",6,0.782836819498916,0.5,0.8036,0.8036,0.3778,1.51108617607361,0.734375,3.76470588235294
"307","Mt_1_2015","J42",5,0.645122143358722,0.6667,0.6667,0.6667,0,1.23426786607908,0.611111111111111,2.57142857142857
"308","Mt_1_2015","WF22",9,0.935168586192535,1,0.95,0.95,-0.0526,2.13833305950803,0.875,8
"309","Mt_1_2015","PAM27",7,0.865877548438427,0.6,0.95,0.95,0.3684,1.83437197028162,0.82,5.55555555555555
"310","Mt_1_2015","PAM79",10,0.938481778950082,1,0.9667,0.9667,-0.0345,2.25385758960135,0.888888888888889,9
"311","Mt_1_2015","WF16",6,0.797405104318102,1,0.8,0.8,-0.25,1.56071040904141,0.75,4
"312","Mt_1_2015","WF33",10,0.938481778950082,1,0.9667,0.9667,-0.0345,2.25385758960135,0.888888888888889,9
"313","Mt_1_2015","WF3",5,0.734475653873216,0.8,0.75,0.75,-0.0667,1.35923670066501,0.68,3.125
"314","Mt_1_2015","WF517",9,0.870390481833875,1,0.9333,0.9333,-0.0714,2.09472904752765,0.861111111111111,7.2
"315","Mt_1_2015","WF196",7,0.877450557124157,1,0.8833,0.8833,-0.1321,1.82007597536062,0.819444444444444,5.53846153846154
"316","Mt_1_2015","WF223",8,0.933766025178128,1,0.95,0.95,-0.0526,2.02532622077007,0.86,7.14285714285714
"317","Mt_1_2015","WF421",7,0.942873837077085,1,0.9583,0.9583,-0.0435,1.90615474653985,0.84375,6.4
"318","Mt_1_2015","A441",7,0.865877548438427,1,0.9,0.9,-0.1111,1.83437197028162,0.82,5.55555555555555
"319","Mt_1_2015","PAM21",3,0.692792356488025,0.4,0.525,0.525,0.2381,0.801818552543337,0.46,1.85185185185185
"320","Mt_1_2015","PSY087",2,0.898996026681149,0.6667,0.4667,0.4667,-0.4286,0.636514168294813,0.444444444444444,1.8
"321","Mt_1_2015","PSY022",3,0.949796545384325,0.4,0.75,0.75,0.4667,1.05492016798614,0.64,2.77777777777778
"322","Mt_1_2015","WF12",2,1,0.6,0.55,0.55,-0.0909,0.693147180559945,0.5,2
"323","Mt_1_2015","WF32",5,0.835324164568394,0.8333,0.8,0.8,-0.0417,1.46773392932715,0.736111111111111,3.78947368421053
"324","Mt_1_2016","J42",14,0.738709631828563,0.9474,0.8991,0.8991,-0.0537,2.36350007973986,0.876731301939058,8.1123595505618
"325","Mt_1_2016","WF22",24,0.871483470224238,0.9474,0.9722,0.9722,0.0256,3.04905563740818,0.945983379501385,18.5128205128205
"326","Mt_1_2016","PAM27",10,0.753446492683127,0.8235,0.8327,0.8327,0.011,1.88463480152372,0.807958477508651,5.20720720720721
"327","Mt_1_2016","PAM79",23,0.907898531252395,1,0.9739,0.9739,-0.0268,3.03930862940466,0.947530864197531,19.0588235294118
"328","Mt_1_2016","WF16",10,0.680159248449778,0.8333,0.8039,0.8039,-0.0366,1.83842384482097,0.782407407407407,4.59574468085106
"329","Mt_1_2016","WF33",19,0.821893368785527,0.9444,0.951,0.951,0.0069,2.76465555723763,0.924382716049383,13.2244897959184
"330","Mt_1_2016","WF3",9,0.716220983728103,0.8421,0.8216,0.8216,-0.0249,1.88771495426531,0.800554016620499,5.01388888888889
"331","Mt_1_2016","WF517",18,0.827256593989677,0.9444,0.9461,0.9461,0.0017,2.69832823733321,0.919753086419753,12.4615384615385
"332","Mt_1_2016","WF196",12,0.82040963821951,0.7778,0.902,0.902,0.1377,2.24213479837865,0.873456790123457,7.90243902439024
"333","Mt_1_2016","WF223",15,0.873233095837054,0.9474,0.9371,0.9371,-0.0109,2.56332015572533,0.912742382271468,11.4603174603175
"334","Mt_1_2016","WF421",11,0.796843035356065,1,0.8846,0.8846,-0.1304,2.14355580880801,0.857142857142857,7
"335","Mt_1_2016","A441",9,0.878999923444375,1,0.8743,0.8743,-0.1438,2.03928162588034,0.854570637119114,6.87619047619048
"336","Mt_1_2016","PAM21",9,0.813444331852242,0.7778,0.8431,0.8431,0.0775,1.87512185601982,0.817901234567901,5.49152542372881
"337","Mt_1_2016","PSY087",6,0.602406037325557,0.7368,0.5921,0.5921,-0.2444,1.19256557069563,0.580332409972299,2.38283828382838
"338","Mt_1_2016","PSY022",4,0.756652522820556,0.7059,0.5221,0.5221,-0.3521,0.870130548352221,0.512110726643599,2.04964539007092
"339","Mt_1_2016","WF12",3,0.85052793160043,0.7222,0.5997,0.5997,-0.2044,0.980989682445315,0.58641975308642,2.41791044776119
"340","Mt_1_2016","WF32",10,0.744965554046125,0.5263,0.8406,0.8406,0.3739,1.90685840552606,0.810249307479224,5.27007299270073
"341","Mt_2_2015","J42",10,0.651060544588875,0.6667,0.8611,0.8611,0.2258,1.97959621536133,0.802469135802469,5.0625
"342","Mt_2_2015","WF22",15,0.940796824831403,1,0.9792,0.9792,-0.0213,2.65932269770952,0.925925925925926,13.5
"343","Mt_2_2015","PAM27",8,0.896525172874713,0.8571,0.9167,0.9167,0.0649,1.97018144002608,0.846938775510204,6.53333333333333
"344","Mt_2_2015","PAM79",9,0.951357458709913,0.8571,0.9524,0.9524,0.1,2.14395220064387,0.877551020408163,8.16666666666667
"345","Mt_2_2015","WF16",8,0.867781697280662,0.875,0.8929,0.8929,0.02,1.92739212613927,0.8359375,6.09523809523809
"346","Mt_2_2015","WF33",13,0.824951444365106,1,0.9444,0.9444,-0.0588,2.42827363752287,0.895061728395062,9.52941176470588
"347","Mt_2_2015","WF3",8,0.885245539900561,0.875,0.9018,0.9018,0.0297,1.96009513512456,0.84375,6.4
"348","Mt_2_2015","WF517",11,0.872922756372435,0.7778,0.9444,0.9444,0.1765,2.26404926016656,0.882716049382716,8.52631578947368
"349","Mt_2_2015","WF196",9,0.85626691047307,0.7778,0.9097,0.9097,0.145,2.04319187054512,0.851851851851852,6.75
"350","Mt_2_2015","WF223",11,0.782128037343573,0.8889,0.9167,0.9167,0.0303,2.21225661092227,0.864197530864198,7.36363636363636
"351","Mt_2_2015","WF421",7,0.917865774157496,0.8333,0.9167,0.9167,0.0909,1.863679987341,0.833333333333333,6
"352","Mt_2_2015","A441",7,0.753592905220494,0.7778,0.7986,0.7986,0.0261,1.61884909168191,0.753086419753086,4.05
"353","Mt_2_2015","PAM21",5,0.891023367432492,1,0.7857,0.7857,-0.2727,1.4740568252732,0.75,4
"354","Mt_2_2015","PSY087",3,0.69033008061258,0.5556,0.4444,0.4444,-0.25,0.729842919480635,0.425925925925926,1.74193548387097
"355","Mt_2_2015","PSY022",4,0.80891351734004,0.7143,0.6905,0.6905,-0.0345,1.17099712611621,0.642857142857143,2.8
"356","Mt_2_2015","WF12",3,0.94931185865922,0.8889,0.6667,0.6667,-0.3333,1.06085694715802,0.641975308641975,2.79310344827586
"357","Mt_2_2015","WF32",6,0.864778743695649,0.5556,0.8403,0.8403,0.3388,1.61884909168191,0.777777777777778,4.5
"358","Mt_2_2016","J42",16,0.611551530093288,0.95,0.8763,0.8763,-0.0841,2.3739765866324,0.85625,6.95652173913043
"359","Mt_2_2016","WF22",23,0.88828432644307,0.95,0.9697,0.9697,0.0204,3.01272217723353,0.945,18.1818181818182
"360","Mt_2_2016","PAM27",11,0.696360113740885,0.7778,0.8415,0.8415,0.0757,1.99927955380352,0.816358024691358,5.4453781512605
"361","Mt_2_2016","PAM79",21,0.840636334753521,0.8947,0.9605,0.9605,0.0685,2.87376892159105,0.933518005540166,15.0416666666667
"362","Mt_2_2016","WF16",11,0.694132081992495,0.9,0.8276,0.8276,-0.0874,1.9589888243119,0.80875,5.22875816993464
"363","Mt_2_2016","WF33",21,0.820672815278131,0.8947,0.9591,0.9591,0.0671,2.87559053919742,0.93213296398892,14.734693877551
"364","Mt_2_2016","WF3",9,0.482255539386488,0.7,0.6303,0.6303,-0.1106,1.46554467289885,0.61625,2.60586319218241
"365","Mt_2_2016","WF517",21,0.904066772306424,0.8947,0.9693,0.9693,0.0769,2.93961134574082,0.941828254847645,17.1904761904762
"366","Mt_2_2016","WF196",12,0.856214774194339,0.8947,0.9123,0.9123,0.0192,2.32654746325426,0.887811634349031,8.91358024691358
"367","Mt_2_2016","WF223",13,0.861929707711925,1,0.9208,0.9208,-0.086,2.38325296646647,0.89453125,9.48148148148148
"368","Mt_2_2016","WF421",13,0.807126886383668,0.9231,0.9231,0.9231,0,2.37781161525777,0.887573964497041,8.89473684210526
"369","Mt_2_2016","A441",9,0.815263717524989,0.7778,0.8562,0.8562,0.0916,1.94579217601915,0.830246913580247,5.89090909090909
"370","Mt_2_2016","PAM21",8,0.80531109545031,0.7059,0.8254,0.8254,0.1448,1.77371963726259,0.79757785467128,4.94017094017094
"371","Mt_2_2016","PSY087",4,0.633412856903417,0.65,0.5105,0.5105,-0.2732,0.950368498336348,0.50125,2.00501253132832
"372","Mt_2_2016","PSY022",4,0.712764460980617,0.3889,0.5294,0.5294,0.2654,0.902171375749699,0.510802469135803,2.04416403785489
"373","Mt_2_2016","WF12",4,0.780698545021819,0.5556,0.6127,0.6127,0.0933,1.05608321725637,0.594135802469136,2.4638783269962
"374","Mt_2_2016","WF32",13,0.757464748080469,0.7,0.8882,0.8882,0.2119,2.21862878696612,0.86125,7.20720720720721
"375","Mt_3_adults","J42",18,0.657197992349243,0.8387,0.8872,0.8872,0.0547,2.49527240932208,0.87968262226847,8.31135135135135
"376","Mt_3_adults","WF22",24,0.880332549451668,0.9355,0.9531,0.9531,0.0184,3.02566402784709,0.945239334027055,18.2612826603325
"377","Mt_3_adults","PAM27",13,0.753546393092105,0.8136,0.8483,0.8483,0.041,2.08086193632574,0.840850330364838,6.28339350180505
"378","Mt_3_adults","PAM79",32,0.764441304642584,0.918,0.9578,0.9578,0.0415,3.24463818064148,0.949610319806504,19.8453333333333
"379","Mt_3_adults","WF16",20,0.616260645576733,0.8387,0.8457,0.8457,0.0083,2.24560281629843,0.838839750260146,6.20500403551251
"380","Mt_3_adults","WF33",26,0.846563443698138,0.9649,0.9514,0.9514,-0.0142,3.02627186641111,0.943213296398892,17.609756097561
"381","Mt_3_adults","WF3",10,0.582351964303279,0.7551,0.7341,0.7341,-0.0287,1.71699805154423,0.726780508121616,3.66006097560976
"382","Mt_3_adults","WF517",27,0.861463023955833,0.9344,0.9548,0.9548,0.0213,3.07520477580477,0.946788497715668,18.7929292929293
"383","Mt_3_adults","WF196",20,0.807244622379702,0.8833,0.9251,0.9251,0.0452,2.68793598953547,0.917083333333333,12.0603015075377
"384","Mt_3_adults","WF223",24,0.884016083790546,0.9167,0.9507,0.9507,0.0358,2.972558940522,0.9425,17.3913043478261
"385","Mt_3_adults","WF421",17,0.73928815203065,0.9423,0.8969,0.8969,-0.0507,2.46799368222822,0.888683431952663,8.98338870431894
"386","Mt_3_adults","A441",13,0.812765537680452,0.8704,0.8711,0.8711,8e-04,2.16908055545827,0.862997256515775,7.2991239048811
"387","Mt_3_adults","PAM21",10,0.793144105471652,0.7544,0.802,0.802,0.0594,1.77088592931186,0.79455216989843,4.86741573033708
"388","Mt_3_adults","PSY087",5,0.567391915875277,0.5161,0.4412,0.4412,-0.1699,0.864906744725459,0.43821540062435,1.78004167631396
"389","Mt_3_adults","PSY022",8,0.715245275093003,0.6667,0.5692,0.5692,-0.1712,1.0342262099016,0.564590542099193,2.29668874172185
"390","Mt_3_adults","WF12",7,0.777839602761178,0.6724,0.6413,0.6413,-0.0486,1.1775090244488,0.635998810939358,2.74724377296856
"391","Mt_3_adults","WF32",14,0.714408529299009,0.6613,0.824,0.824,0.1975,1.9755817458444,0.816077003121748,5.43705799151344
"392","Mt_4_adults","J42",13,0.885365951064714,0.9167,0.9432,0.9432,0.0281,2.44130263780762,0.902777777777778,10.2857142857143
"393","Mt_4_adults","WF22",15,0.909974526882209,1,0.9583,0.9583,-0.0435,2.61458943294761,0.920138888888889,12.5217391304348
"394","Mt_4_adults","PAM27",10,0.726500575246702,1,0.8523,0.8523,-0.1733,2.00100652342451,0.822916666666667,5.64705882352941
"395","Mt_4_adults","PAM79",15,0.866641338445318,0.9,0.9667,0.9667,0.069,2.59683386889756,0.915,11.7647058823529
"396","Mt_4_adults","WF16",9,0.773040552468546,1,0.8545,0.8545,-0.1702,1.94399817717146,0.822314049586777,5.62790697674419
"397","Mt_4_adults","WF33",15,0.863777694624343,0.9167,0.9545,0.9545,0.0397,2.57862917389114,0.913194444444444,11.52
"398","Mt_4_adults","WF3",10,0.843499921490834,0.9,0.9111,0.9111,0.0122,2.15132207992127,0.865,7.40740740740741
"399","Mt_4_adults","WF517",15,0.882149298210668,0.8333,0.9621,0.9621,0.1339,2.60043117988132,0.916666666666667,12
"400","Mt_4_adults","WF196",9,0.881404948731602,1,0.8864,0.8864,-0.1282,2.03408255460424,0.854166666666667,6.85714285714286
"401","Mt_4_adults","WF223",8,0.915687543431376,0.8889,0.9028,0.9028,0.0154,1.98505318790462,0.851851851851852,6.75
"402","Mt_4_adults","WF421",9,0.844408538443828,1,0.8727,0.8727,-0.1458,1.96910054901244,0.838842975206612,6.20512820512821
"403","Mt_4_adults","A441",8,0.865486561613218,1,0.8819,0.8819,-0.1339,1.95213820941537,0.839506172839506,6.23076923076923
"404","Mt_4_adults","PAM21",6,0.787360242199629,0.7273,0.7864,0.7864,0.0751,1.56204405302991,0.747933884297521,3.9672131147541
"405","Mt_4_adults","PSY087",4,0.600493955358876,0.5455,0.45,0.45,-0.2121,0.822560771525768,0.433884297520661,1.76642335766423
"406","Mt_4_adults","PSY022",6,0.666892390198686,0.5833,0.6439,0.6439,0.0941,1.22114913491515,0.614583333333333,2.59459459459459
"407","Mt_4_adults","WF12",4,0.858141346035229,0.7273,0.6864,0.6864,-0.0596,1.17320611618526,0.65702479338843,2.91566265060241
"408","Mt_4_adults","WF32",10,0.762656534888266,0.6667,0.8788,0.8788,0.2414,2.02234607227287,0.833333333333333,6
"409","Mt_5_2015","J42",9,0.85083434012922,1,0.9018,0.9018,-0.1089,2.04673853269455,0.8515625,6.73684210526316
"410","Mt_5_2015","WF22",7,0.883218376897428,0.875,0.875,0.875,0,1.81951134896986,0.8203125,5.56521739130435
"411","Mt_5_2015","PAM27",4,0.885395156727503,0.5,0.7411,0.7411,0.3253,1.22277931619347,0.6796875,3.1219512195122
"412","Mt_5_2015","PAM79",11,0.935975049625324,1,0.9643,0.9643,-0.037,2.34199425223242,0.897959183673469,9.8
"413","Mt_5_2015","WF16",10,0.845333955363778,0.875,0.9286,0.9286,0.0577,2.16608493924983,0.8671875,7.52941176470588
"414","Mt_5_2015","WF33",12,0.937263901497528,1,0.9643,0.9643,-0.037,2.42601513195981,0.90625,10.6666666666667
"415","Mt_5_2015","WF3",4,0.667198220186574,0.5714,0.5714,0.5714,0,0.991138896613094,0.530612244897959,2.1304347826087
"416","Mt_5_2015","WF517",10,0.884808157372045,0.875,0.9375,0.9375,0.0667,2.18732231884925,0.875,8
"417","Mt_5_2015","WF196",8,0.791393504235425,1,0.8833,0.8833,-0.1321,1.90728399932138,0.819444444444444,5.53846153846154
"418","Mt_5_2015","WF223",8,0.885245539900561,1,0.8929,0.8929,-0.12,1.96009513512456,0.84375,6.4
"419","Mt_5_2015","WF421",6,0.810854596513002,1,0.7946,0.7946,-0.2584,1.5808185358593,0.7578125,4.12903225806452
"420","Mt_5_2015","A441",7,0.871833738512929,0.875,0.8661,0.8661,-0.0103,1.78680833998457,0.8125,5.33333333333333
"421","Mt_5_2015","PAM21",5,0.927082046453349,0.75,0.8304,0.8304,0.0968,1.5437891850589,0.7734375,4.41379310344828
"422","Mt_5_2015","PSY087",3,0.649580359232867,0.5,0.4196,0.4196,-0.1915,0.70291893077351,0.3984375,1.66233766233766
"423","Mt_5_2015","PSY022",2,0.87510988474381,0.625,0.4464,0.4464,-0.4,0.621086374555245,0.4296875,1.75342465753425
"424","Mt_5_2015","WF12",3,0.649580359232867,0.5,0.4196,0.4196,-0.1915,0.70291893077351,0.3984375,1.66233766233766
"425","Mt_5_2015","WF32",7,0.854331775732364,0.625,0.8839,0.8839,0.2929,1.80371937776887,0.8125,5.33333333333333
"426","Mt_5_2016","J42",9,0.701686658399279,0.875,0.8571,0.8571,-0.0208,1.92739212613927,0.8046875,5.12
"427","Mt_5_2016","WF22",14,0.947460683975036,1,0.9821,0.9821,-0.0182,2.59930192709979,0.921875,12.8
"428","Mt_5_2016","PAM27",6,0.84965461059998,0.8,0.875,0.875,0.0857,1.64341771979318,0.78,4.54545454545455
"429","Mt_5_2016","PAM79",12,0.889087431753164,1,0.9554,0.9554,-0.0467,2.39331212297452,0.8984375,9.84615384615385
"430","Mt_5_2016","WF16",8,0.58735348901661,0.875,0.75,0.75,-0.1667,1.64622455382987,0.7109375,3.45945945945946
"431","Mt_5_2016","WF33",10,0.821013634056962,0.875,0.9196,0.9196,0.0485,2.13338193026454,0.859375,7.11111111111111
"432","Mt_5_2016","WF3",9,0.628575761878916,0.8571,0.8333,0.8333,-0.0286,1.87116041423181,0.775510204081633,4.45454545454546
"433","Mt_5_2016","WF517",13,0.938142322023788,0.875,0.9821,0.9821,0.1091,2.5126585295298,0.9140625,11.6363636363636
"434","Mt_5_2016","WF196",8,0.889124410606347,1,0.9167,0.9167,-0.0909,1.97920451743432,0.847222222222222,6.54545454545455
"435","Mt_5_2016","WF223",11,0.935975049625324,1,0.9643,0.9643,-0.037,2.34199425223242,0.897959183673469,9.8
"436","Mt_5_2016","WF421",10,0.821013634056962,1,0.9107,0.9107,-0.098,2.13338193026454,0.859375,7.11111111111111
"437","Mt_5_2016","A441",8,0.930939558356268,0.8571,0.9286,0.9286,0.0769,2.00755630743784,0.857142857142857,7
"438","Mt_5_2016","PAM21",5,0.946690846383415,0.6,0.9,0.9,0.3333,1.55711309805765,0.78,4.54545454545454
"439","Mt_5_2016","PSY087",3,0.570795123564662,0.375,0.3393,0.3393,-0.1053,0.601923971732289,0.3203125,1.47126436781609
"440","Mt_5_2016","PSY022",3,0.88612936095216,1,0.625,0.625,-0.6,0.974314752869349,0.59375,2.46153846153846
"441","Mt_5_2016","WF12",4,0.799202603350724,0.625,0.6429,0.6429,0.0278,1.06095815043934,0.6015625,2.50980392156863
"442","Mt_5_2016","WF32",7,0.773675339008014,0.375,0.8571,0.8571,0.5625,1.68869931302872,0.7734375,4.41379310344828
"443","Nap_6_2016","J42",14,0.648506737886657,0.9615,0.8654,0.8654,-0.1111,2.28021021039032,0.850591715976331,6.69306930693069
"444","Nap_6_2016","WF22",26,0.884841593185679,0.9615,0.9692,0.9692,0.0079,3.12127111733354,0.950443786982249,20.1791044776119
"445","Nap_6_2016","PAM27",12,0.797448273331124,0.76,0.8808,0.8808,0.1372,2.16958152043818,0.8608,7.18390804597701
"446","Nap_6_2016","PAM79",28,0.867479090362591,1,0.9708,0.9708,-0.0301,3.18632810580237,0.952662721893491,21.125
"447","Nap_6_2016","WF16",14,0.64887808963103,0.8462,0.8369,0.8369,-0.011,2.08800236949585,0.821005917159763,5.58677685950413
"448","Nap_6_2016","WF33",22,0.849627209791549,0.8846,0.9562,0.9562,0.0748,2.90833938995611,0.936390532544379,15.7209302325581
"449","Nap_6_2016","WF3",10,0.6139254939592,0.7826,0.7806,0.7806,-0.0025,1.8348959781747,0.763705103969754,4.232
"450","Nap_6_2016","WF517",19,0.864279001528241,1,0.9466,0.9466,-0.0565,2.76644724429184,0.927951388888889,13.8795180722892
"451","Nap_6_2016","WF196",15,0.798525374497582,0.9167,0.9094,0.9094,-0.008,2.41567875535548,0.890625,9.14285714285714
"452","Nap_6_2016","WF223",21,0.846586510496597,0.88,0.9542,0.9542,0.0777,2.86836221251719,0.9336,15.0602409638554
"453","Nap_6_2016","WF421",17,0.824805632124753,1,0.9284,0.9284,-0.0771,2.59134531301904,0.910590277777778,11.1844660194175
"454","Nap_6_2016","A441",9,0.862117063146518,1,0.8826,0.8826,-0.133,2.02932302955708,0.850694444444444,6.69767441860465
"455","Nap_6_2016","PAM21",7,0.761194781377918,0.4667,0.7833,0.7833,0.4043,1.58351052400208,0.746666666666667,3.94736842105263
"456","Nap_6_2016","PSY087",4,0.721458490238926,0.7692,0.6162,0.6162,-0.2484,1.1452014903107,0.607248520710059,2.54613935969868
"457","Nap_6_2016","PSY022",7,0.6831546718366,0.75,0.5879,0.5879,-0.2758,1.10296899345968,0.578993055555556,2.37525773195876
"458","Nap_6_2016","WF12",3,0.845329213966099,0.5833,0.6005,0.6005,0.0287,0.988069879390403,0.587673611111111,2.42526315789474
"459","Nap_6_2016","WF32",11,0.83161403777436,0.9091,0.9091,0.9091,0,2.18507112611091,0.867768595041322,7.5625
"460","Shin_1_2016","J42",19,0.574782865221485,0.8182,0.8807,0.8807,0.071,2.50811151572502,0.866391184573003,7.48453608247423
"461","Shin_1_2016","WF22",27,0.77215245470731,0.8182,0.956,0.956,0.1441,3.04802847666927,0.939393939393939,16.5
"462","Shin_1_2016","PAM27",15,0.683191586814427,0.875,0.8427,0.8427,-0.0383,2.09806060325545,0.830078125,5.88505747126437
"463","Shin_1_2016","PAM79",28,0.852534057942076,0.9394,0.965,0.965,0.0265,3.14694910598117,0.949954086317723,19.9816513761468
"464","Shin_1_2016","WF16",14,0.614471962024169,0.7576,0.8144,0.8144,0.0698,2.02267463783035,0.80119375573921,5.03002309468822
"465","Shin_1_2016","WF33",24,0.843464560806411,0.9655,0.9594,0.9594,-0.0064,3.02465364547259,0.942925089179548,17.5208333333333
"466","Shin_1_2016","WF3",12,0.472463217326918,0.6875,0.7041,0.7041,0.0236,1.75351992419081,0.69287109375,3.25596184419714
"467","Shin_1_2016","WF517",24,0.850604648048604,0.875,0.9561,0.9561,0.0849,2.96522949271746,0.93994140625,16.650406504065
"468","Shin_1_2016","WF196",16,0.799184588439892,0.9,0.9103,0.9103,0.0114,2.45664716935234,0.895,9.52380952380952
"469","Shin_1_2016","WF223",19,0.819645981205537,0.931,0.9347,0.9347,0.004,2.69184175830069,0.918549346016647,12.2773722627737
"470","Shin_1_2016","WF421",10,0.848563507564525,0.9091,0.8755,0.8755,-0.0383,2.08298305649679,0.856404958677686,6.96402877697842
"471","Shin_1_2016","A441",11,0.786806526206781,0.8667,0.858,0.858,-0.01,2.06311185719261,0.843888888888889,6.40569395017794
"472","Shin_1_2016","PAM21",7,0.860694473218051,0.8077,0.79,0.79,-0.0224,1.6105040472118,0.775147928994083,4.44736842105263
"473","Shin_1_2016","PSY087",5,0.523025874381065,0.5152,0.4332,0.4332,-0.1891,0.88794364115585,0.42791551882461,1.74799357945425
"474","Shin_1_2016","PSY022",4,0.774872722028999,0.52,0.5333,0.5333,0.025,0.880286152229342,0.5224,2.09380234505863
"475","Shin_1_2016","WF12",4,0.759860086891051,0.625,0.5691,0.5691,-0.0983,0.986563813797218,0.56103515625,2.27808676307008
"476","Shin_1_2016","WF32",12,0.730372074020124,0.6364,0.8423,0.8423,0.2445,2.01754407800853,0.826446280991736,5.76190476190476
"477","Shin_1_2017","J42",13,0.577928160746734,0.7895,0.8289,0.8289,0.0476,2.10330243242373,0.806094182825485,5.15714285714286
"478","Shin_1_2017","WF22",19,0.768835249223242,0.9474,0.9386,0.9386,-0.0093,2.69771894164927,0.914127423822715,11.6451612903226
"479","Shin_1_2017","PAM27",8,0.719044595346742,0.8571,0.8132,0.8132,-0.0541,1.8081837151527,0.785714285714286,4.66666666666667
"480","Shin_1_2017","PAM79",19,0.82513015413747,0.8667,0.9619,0.9619,0.099,2.79204744053635,0.926666666666667,13.6363636363636
"481","Shin_1_2017","WF16",14,0.65077611425489,0.7895,0.8596,0.8596,0.0816,2.17320922587446,0.835180055401662,6.0672268907563
"482","Shin_1_2017","WF33",15,0.832906083415251,0.9375,0.9333,0.9333,-0.0045,2.51321806282146,0.904296875,10.4489795918367
"483","Shin_1_2017","WF3",11,0.529462958922352,0.7368,0.731,0.731,-0.008,1.73470994043554,0.71191135734072,3.47115384615385
"484","Shin_1_2017","WF517",16,0.878420667414418,0.9444,0.9444,0.9444,0,2.62323470252216,0.91820987654321,12.2264150943396
"485","Shin_1_2017","WF196",13,0.84773824317688,0.9375,0.9208,0.9208,-0.0181,2.3796833226811,0.892578125,9.30909090909091
"486","Shin_1_2017","WF223",18,0.757439067073012,1,0.9313,0.9313,-0.0738,2.64775990129452,0.908587257617729,10.9393939393939
"487","Shin_1_2017","WF421",11,0.824773015332758,0.8667,0.8929,0.8929,0.0293,2.15032167212763,0.862222222222222,7.25806451612903
"488","Shin_1_2017","A441",10,0.835998321522676,0.6111,0.8807,0.8807,0.3061,2.04293639828335,0.848765432098765,6.61224489795918
"489","Shin_1_2017","PAM21",6,0.778259206299939,0.75,0.7765,0.7765,0.0341,1.55092847262963,0.743055555555556,3.89189189189189
"490","Shin_1_2017","PSY087",3,0.630440469916175,0.5,0.415,0.415,-0.2047,0.734075538768139,0.405864197530864,1.68311688311688
"491","Shin_1_2017","PSY022",4,0.804861507356957,0.8889,0.6458,0.6458,-0.3763,1.11748995942315,0.623456790123457,2.65573770491803
"492","Shin_1_2017","WF12",3,0.93637593464661,0.6667,0.6552,0.6552,-0.0175,1.05669952248605,0.637345679012346,2.75744680851064
"493","Shin_1_2017","WF32",13,0.724644572559809,0.7778,0.8873,0.8873,0.1234,2.24566895233744,0.859567901234568,7.12087912087912
"494","Shin_2_2016","J42",13,0.60205802921766,0.7,0.8434,0.8434,0.17,2.14041903968653,0.81875,5.51724137931035
"495","Shin_2_2016","WF22",23,0.811183833674931,1,0.9651,0.9651,-0.0362,2.97348563115914,0.937716262975779,16.0555555555556
"496","Shin_2_2016","PAM27",7,0.795797602687728,0.7895,0.7997,0.7997,0.0128,1.68895323176155,0.778393351800554,4.5125
"497","Shin_2_2016","PAM79",19,0.834959678048955,0.8947,0.9532,0.9532,0.0613,2.77991593552387,0.926592797783934,13.622641509434
"498","Shin_2_2016","WF16",10,0.740361016690188,0.75,0.8382,0.8382,0.1052,1.93879167399894,0.815,5.40540540540541
"499","Shin_2_2016","WF33",20,0.865513742828715,1,0.9553,0.9553,-0.0468,2.83094043025377,0.9325,14.8148148148148
"500","Shin_2_2016","WF3",11,0.548030017671216,0.7,0.7566,0.7566,0.0748,1.80724607597729,0.73625,3.7914691943128
"501","Shin_2_2016","WF517",17,0.878553391738362,0.9,0.9474,0.9474,0.05,2.67749925382162,0.9225,12.9032258064516
"502","Shin_2_2016","WF196",14,0.790549301592479,1,0.902,0.902,-0.1086,2.33744019132219,0.880886426592798,8.3953488372093
"503","Shin_2_2016","WF223",17,0.844531684095744,0.8667,0.9548,0.9548,0.0923,2.68218621166953,0.92,12.5
"504","Shin_2_2016","WF421",12,0.784141443667176,0.8125,0.8958,0.8958,0.093,2.21786215692698,0.865234375,7.42028985507246
"505","Shin_2_2016","A441",8,0.804598102737143,0.8235,0.8309,0.8309,0.0088,1.81988859112417,0.806228373702422,5.16071428571429
"506","Shin_2_2016","PAM21",6,0.848877542536004,0.7857,0.7857,0.7857,0,1.54391372427675,0.75765306122449,4.12631578947368
"507","Shin_2_2016","PSY087",4,0.501164317312688,0.3889,0.3464,0.3464,-0.1226,0.702407697960225,0.337962962962963,1.51048951048951
"508","Shin_2_2016","PSY022",6,0.72557971705456,0.6667,0.6405,0.6405,-0.0409,1.17824127186216,0.62,2.63157894736842
"509","Shin_2_2016","WF12",3,0.850218625729083,0.5263,0.595,0.595,0.1155,0.958611408362744,0.577562326869806,2.3672131147541
"510","Shin_2_2016","WF32",10,0.698382975687012,0.6667,0.8121,0.8121,0.1791,1.83151784403944,0.785493827160494,4.66187050359712
"511","Shin_2_2017","J42",17,0.611035809874737,0.9429,0.8584,0.8584,-0.0984,2.31097481426735,0.84734693877551,6.55080213903743
"512","Shin_2_2017","WF22",27,0.850270456447137,0.9714,0.9609,0.9609,-0.0109,3.09831673558998,0.94734693877551,18.9922480620155
"513","Shin_2_2017","PAM27",12,0.734262304382288,0.7812,0.8412,0.8412,0.0713,2.01718946055016,0.8271484375,5.78531073446328
"514","Shin_2_2017","PAM79",27,0.79122248556367,0.8235,0.9572,0.9572,0.1397,3.05503235828384,0.941176470588235,17
"515","Shin_2_2017","WF16",14,0.690276973539778,0.9429,0.8433,0.8433,-0.1181,2.10512576097649,0.83265306122449,5.97560975609756
"516","Shin_2_2017","WF33",26,0.826918941641953,0.9697,0.9574,0.9574,-0.0129,3.0460264514198,0.943067033976125,17.5645161290323
"517","Shin_2_2017","WF3",12,0.575299051142845,0.7812,0.7792,0.7792,-0.0026,1.90580969156103,0.76708984375,4.29350104821803
"518","Shin_2_2017","WF517",18,0.824002937377706,0.9643,0.9286,0.9286,-0.0385,2.61565970821974,0.912627551020408,11.4452554744526
"519","Shin_2_2017","WF196",15,0.823215546864234,0.8529,0.9122,0.9122,0.065,2.4583633564617,0.897923875432526,9.79661016949152
"520","Shin_2_2017","WF223",22,0.828390633937108,0.9062,0.9466,0.9466,0.0426,2.85224429823488,0.93115234375,14.5248226950355
"521","Shin_2_2017","WF421",16,0.788185359371478,1,0.914,0.914,-0.0941,2.51140852221974,0.899234693877551,9.92405063291139
"522","Shin_2_2017","A441",9,0.87913421539245,0.8529,0.8654,0.8654,0.0144,2.02481598792877,0.852508650519031,6.78005865102639
"523","Shin_2_2017","PAM21",9,0.708509845279431,0.7391,0.7935,0.7935,0.0685,1.76863608629266,0.775047258979206,4.4453781512605
"524","Shin_2_2017","PSY087",5,0.553955609703026,0.5429,0.4466,0.4466,-0.2154,0.886983901056878,0.441632653061225,1.79093567251462
"525","Shin_2_2017","PSY022",5,0.80058958460013,0.7143,0.7143,0.7143,0,1.32557684140768,0.688775510204082,3.21311475409836
"526","Shin_2_2017","WF12",3,0.880366872203782,0.6176,0.6163,0.6163,-0.0022,1.01391688104133,0.607266435986159,2.54625550660793
"527","Shin_2_2017","WF32",13,0.731957920071355,0.5,0.8614,0.8614,0.4195,2.11580513717088,0.84228515625,6.3405572755418
"528","2016","J42",24,0.548282379681921,0.875,0.8637,0.8637,-0.0131,2.51234729069202,0.861383506616257,7.21414873215427
"529","2016","WF22",40,0.844252427377833,0.9448,0.9635,0.9635,0.0195,3.40283128583703,0.960822319221025,25.5247370471367
"530","2016","PAM27",22,0.617098346014892,0.7917,0.8194,0.8194,0.0338,2.10751479127926,0.816857993197279,5.46024376088218
"531","2016","PAM79",43,0.805806952729585,0.9553,0.9631,0.9631,0.0081,3.43697737893429,0.960394494553853,25.2490149724192
"532","2016","WF16",21,0.598766466074224,0.8132,0.8299,0.8299,0.0202,2.19915467263019,0.827602342712233,5.80054285964451
"533","2016","WF33",34,0.831434320298582,0.9435,0.9556,0.9556,0.0127,3.23183811249609,0.952887101407641,21.2256097560976
"534","2016","WF3",18,0.500848876598497,0.7697,0.756,0.756,-0.0181,1.96253741209095,0.753929428102512,4.06387481562239
"535","2016","WF517",41,0.822920388027084,0.896,0.9591,0.9591,0.0659,3.31476224846898,0.956179625112767,22.8204346168509
"536","2016","WF196",24,0.728740952529906,0.931,0.9105,0.9105,-0.0226,2.67635525993822,0.907930373893513,10.8613452914798
"537","2016","WF223",28,0.821726711993005,0.9387,0.9398,0.9398,0.0013,2.9489767758748,0.93695660356054,15.8620895522388
"538","2016","WF421",24,0.755370939739755,0.9467,0.907,0.907,-0.0437,2.60184953647095,0.904155555555556,10.4335729190818
"539","2016","A441",13,0.816788107684413,0.8786,0.8653,0.8653,-0.0153,2.15928103929096,0.862270408163265,7.26060381552139
"540","2016","PAM21",11,0.840540280572735,0.7174,0.8061,0.8061,0.11,1.76556533759695,0.802851291745432,5.07231322413104
"541","2016","PSY087",6,0.572049314314383,0.6133,0.5069,0.5069,-0.2098,1.02572969668496,0.505799578767437,2.02347055371977
"542","2016","PSY022",12,0.652656217733399,0.6478,0.5843,0.5843,-0.1086,1.14403687482461,0.582690558126656,2.39630331753555
"543","2016","WF12",4,0.80896008598559,0.6045,0.587,0.587,-0.0299,1.00980364181101,0.585352229563663,2.41168546245333
"544","2016","WF32",23,0.634816805214463,0.6691,0.8601,0.8601,0.2221,2.34051493748503,0.856296257957663,6.95876103007383
"545","2015","J42",14,0.567524301597556,0.7826,0.8261,0.8261,0.0526,2.12541575653093,0.807183364839319,5.18627450980392
"546","2015","WF22",21,0.821508239410484,0.9565,0.9496,0.9496,-0.0073,2.8305270721022,0.929111531190926,14.1066666666667
"547","2015","PAM27",11,0.738436998458934,0.65,0.8474,0.8474,0.2329,1.97710390629368,0.82125,5.59440559440559
"548","2015","PAM79",24,0.85807532849936,0.95,0.9697,0.9697,0.0204,3.04564899953548,0.945,18.1818181818182
"549","2015","WF16",13,0.767290736361659,0.9091,0.8853,0.8853,-0.0269,2.24083608081051,0.865702479338843,7.44615384615385
"550","2015","WF33",21,0.765527127324681,1,0.9427,0.9427,-0.0608,2.81876287190443,0.9234404536862,13.0617283950617
"551","2015","WF3",11,0.568802196015178,0.75,0.7776,0.7776,0.0355,1.87052994100008,0.7575,4.12371134020619
"552","2015","WF517",20,0.879516455782112,0.8696,0.9565,0.9565,0.0909,2.83601993165037,0.933837429111531,15.1142857142857
"553","2015","WF196",12,0.868876342417266,0.9048,0.9071,0.9071,0.0026,2.29249683676371,0.885487528344671,8.73267326732673
"554","2015","WF223",15,0.862754885701282,0.9545,0.9275,0.9275,-0.0292,2.51020456507721,0.90702479338843,10.7555555555556
"555","2015","WF421",9,0.831208179431887,0.9444,0.8497,0.8497,-0.1115,1.91989585139701,0.828703703703704,5.83783783783784
"556","2015","A441",10,0.801963705840333,0.8636,0.8582,0.8582,-0.0063,2.01363268309779,0.838842975206612,6.20512820512821
"557","2015","PAM21",5,0.849489929494312,0.7619,0.7643,0.7643,0.0031,1.49469068225316,0.746031746031746,3.9375
"558","2015","PSY087",3,0.709152201494316,0.5652,0.4328,0.4328,-0.3059,0.716730703221795,0.426275992438563,1.74299835255354
"559","2015","PSY022",5,0.722160880993489,0.6,0.6013,0.6013,0.0022,1.08588284553587,0.58625,2.41691842900302
"560","2015","WF12",3,0.870856296420078,0.6818,0.5931,0.5931,-0.1496,0.954076541091501,0.581611570247934,2.39012345679012
"561","2015","WF32",10,0.778281190473934,0.6522,0.8557,0.8557,0.2379,2.00085498922811,0.832703213610586,5.9774011299435
"562","adults","J42",19,0.691602869089887,0.8514,0.8963,0.8963,0.0502,2.54126529009838,0.889974433893353,9.08879668049792
"563","adults","WF22",25,0.899241262187562,0.9459,0.9555,0.9555,0.01,3.0761757200021,0.948959094229365,19.5921288014311
"564","adults","PAM27",15,0.728269935834711,0.8451,0.8471,0.8471,0.0024,2.11244534921032,0.841102955762746,6.29338327091136
"565","adults","PAM79",34,0.748971436600977,0.9155,0.9564,0.9564,0.0428,3.26037099718183,0.949414798651061,19.7686274509804
"566","adults","WF16",21,0.609471398133006,0.863,0.8451,0.8451,-0.0212,2.25965039225133,0.839463313942578,6.22910578609001
"567","adults","WF33",26,0.863517557805143,0.9565,0.9525,0.9525,-0.0043,3.05067360486253,0.945599663936148,18.3822393822394
"568","adults","WF3",11,0.588158948954052,0.7797,0.7688,0.7688,-0.0141,1.86506118312014,0.762424590634875,4.20918984280532
"569","adults","WF517",28,0.858911918986095,0.9178,0.954,0.954,0.0379,3.08539456392959,0.947175830362169,18.9307282415631
"570","adults","WF196",20,0.813178667378164,0.9028,0.9213,0.9213,0.0201,2.65276973418877,0.914737654320988,11.7285067873303
"571","adults","WF223",24,0.874337943781603,0.913,0.9475,0.9475,0.0363,2.94600294095677,0.940348666246587,16.7640845070423
"572","adults","WF421",18,0.737282918471628,0.9524,0.8962,0.8962,-0.0627,2.47823834988947,0.889518770471151,9.05131128848347
"573","adults","A441",14,0.804722443634545,0.8889,0.8728,0.8728,-0.0185,2.20036038877128,0.865961199294533,7.46052631578947
"574","adults","PAM21",10,0.794543815368264,0.75,0.8008,0.8008,0.0635,1.76941286130053,0.794550173010381,4.86736842105263
"575","adults","PSY087",5,0.565286658814555,0.5205,0.4404,0.4404,-0.1821,0.866287188776961,0.437887033214487,1.77900183608746
"576","adults","PSY022",10,0.669777069677236,0.6508,0.5805,0.5805,-0.1211,1.10927544198984,0.576467624086672,2.36109458655562
"577","adults","WF12",7,0.782152477332472,0.6812,0.6444,0.6444,-0.0571,1.18566026414737,0.639991598403697,2.77771295215869
"578","adults","WF32",16,0.696478727718989,0.6622,0.8301,0.8301,0.2023,2.04001518522143,0.823319941563185,5.65994832041344
"579","2017","J42",19,0.553847886388712,0.8889,0.8466,0.8466,-0.0499,2.34376808813344,0.839163237311385,6.21748400852878
"580","2017","WF22",29,0.81032367542621,0.963,0.9539,0.9539,-0.0095,3.10265377310807,0.945130315500686,18.225
"581","2017","PAM27",12,0.694878674543327,0.8043,0.8319,0.8319,0.0331,2.03737522274256,0.822542533081285,5.63515312916112
"582","2017","PAM79",34,0.726005321803261,0.8367,0.9575,0.9575,0.1261,3.23313702449416,0.946480633069554,18.6848249027237
"583","2017","WF16",17,0.648709467949336,0.8889,0.8445,0.8445,-0.0525,2.18849784180525,0.837105624142661,6.13894736842105
"584","2017","WF33",28,0.815890561534225,0.9592,0.9522,0.9522,-0.0074,3.04922368998478,0.942523948354852,17.3985507246377
"585","2017","WF3",13,0.53018957055575,0.7647,0.759,0.759,-0.0075,1.9032990783927,0.751633986928105,4.02631578947368
"586","2017","WF517",21,0.83986853636593,0.9565,0.9372,0.9372,-0.0206,2.78311747180107,0.927221172022684,13.7402597402597
"587","2017","WF196",15,0.833675686905669,0.88,0.9094,0.9094,0.0323,2.46772360656148,0.9,10
"588","2017","WF223",24,0.798146158833931,0.9412,0.9402,0.9402,-0.001,2.88491134103916,0.930988081507113,14.4902506963788
"589","2017","WF421",18,0.739950907654066,0.9535,0.9084,0.9084,-0.0497,2.56033295439732,0.898323418063818,9.83510638297873
"590","2017","A441",10,0.882617032393139,0.7692,0.8709,0.8709,0.1167,2.085368550217,0.861501479289941,7.22029372496662
"591","2017","PAM21",9,0.819599773736254,0.7429,0.8231,0.8231,0.0975,1.82590591459394,0.810204081632653,5.26881720430108
"592","2017","PSY087",5,0.565693377905894,0.5283,0.4331,0.4331,-0.2199,0.847087835071466,0.429868280526878,1.75398064314705
"593","2017","PSY022",7,0.69260999595386,0.7826,0.6868,0.6868,-0.1396,1.38225678123141,0.673913043478261,3.06666666666667
"594","2017","WF12",3,0.949996795435468,0.6346,0.6486,0.6486,0.0215,1.06101538609331,0.64219674556213,2.79483204134367
"595","2017","WF32",16,0.689801910489625,0.6,0.8657,0.8657,0.3069,2.25202638942544,0.8544,6.86813186813187
"596","ALL","J42",26,0.551473115668409,0.8687,0.8614,0.8597,-0.0085,2.52816775069356,0.864107819113388,7.35877512212714
"597","ALL","WF22",42,0.846395208788123,0.954,0.9615,0.9614,0.0078,3.35389623756178,0.95896991580781,24.3723604201216
"598","ALL","PAM27",25,0.639090946058897,0.775,0.8274,0.8277,0.0633,2.15387484130729,0.829604944907283,5.86871490757681
"599","ALL","PAM79",46,0.762960444544388,0.9387,0.9638,0.961,0.0261,3.44370164035345,0.958540108686039,24.1196966105712
"600","ALL","WF16",26,0.595802669980877,0.8437,0.844,0.8406,3e-04,2.26339290380175,0.836953843064594,6.13323256920536
"601","ALL","WF33",37,0.82611589868543,0.9526,0.9538,0.9532,0.0013,3.22585284833866,0.952315968513904,20.9713811696392
"602","ALL","WF3",19,0.506239235800738,0.7745,0.7645,0.763,-0.0131,1.97263531720109,0.758069446786979,4.1334175726019
"603","ALL","WF517",43,0.804166154733957,0.9023,0.9523,0.9572,0.0525,3.3336468233337,0.956034265558075,22.7449856733524
"604","ALL","WF196",25,0.758372363637117,0.9208,0.9096,0.9124,-0.0123,2.69368792326478,0.912701887768811,11.4550014249074
"605","ALL","WF223",34,0.818141295590447,0.9359,0.9382,0.9407,0.0025,2.99891150337236,0.93974737973663,16.5967885816235
"606","ALL","WF421",27,0.731942843011001,0.9518,0.8983,0.9021,-0.0596,2.6140913917691,0.902558740476317,10.2625931241884
"607","ALL","A441",16,0.807799345791786,0.8737,0.8695,0.8654,-0.0048,2.18705027271793,0.864660037274042,7.38880061630314
"608","ALL","PAM21",13,0.823337685909699,0.7101,0.7961,0.8056,0.1081,1.79285699184256,0.804768078783288,5.122113196284
"609","ALL","PSY087",6,0.558435750259364,0.599,0.4881,0.4933,-0.2272,0.968655508641958,0.477180899908173,1.91270747343462
"610","ALL","PSY022",15,0.632588975037954,0.6695,0.6006,0.6008,-0.1146,1.18878937738567,0.590879316482734,2.44426654600512
"611","ALL","WF12",7,0.819525672099496,0.6246,0.6064,0.6042,-0.03,1.06745134850279,0.6099267578125,2.56362111482469
"612","ALL","WF32",25,0.633122097627347,0.6761,0.8543,0.8607,0.2086,2.30987054847655,0.85172869088953,6.74439313984169
